trial_id,min_energy_random8of16_eV,proxy_best_energy_top8_eV,delta_random_min_minus_proxybest_eV,resample_base,pool_n,budget_k,seed
0,-489.04583740234375,-489.03369140625,-0.01214599609375,non_proxy_16,24,8,0
1,-489.04583740234375,-489.03369140625,-0.01214599609375,non_proxy_16,24,8,0
2,-489.04583740234375,-489.03369140625,-0.01214599609375,non_proxy_16,24,8,0
3,-489.04583740234375,-489.03369140625,-0.01214599609375,non_proxy_16,24,8,0
4,-489.04583740234375,-489.03369140625,-0.01214599609375,non_proxy_16,24,8,0
5,-489.04583740234375,-489.03369140625,-0.01214599609375,non_proxy_16,24,8,0
6,-489.0424499511719,-489.03369140625,-0.008758544921875,non_proxy_16,24,8,0
7,-489.04583740234375,-489.03369140625,-0.01214599609375,non_proxy_16,24,8,0
8,-489.04248046875,-489.03369140625,-0.0087890625,non_proxy_16,24,8,0
9,-489.04583740234375,-489.03369140625,-0.01214599609375,non_proxy_16,24,8,0
10,-489.04583740234375,-489.03369140625,-0.01214599609375,non_proxy_16,24,8,0
11,-489.04248046875,-489.03369140625,-0.0087890625,non_proxy_16,24,8,0
12,-489.04583740234375,-489.03369140625,-0.01214599609375,non_proxy_16,24,8,0
13,-489.04583740234375,-489.03369140625,-0.01214599609375,non_proxy_16,24,8,0
14,-489.04583740234375,-489.03369140625,-0.01214599609375,non_proxy_16,24,8,0
15,-489.04583740234375,-489.03369140625,-0.01214599609375,non_proxy_16,24,8,0
16,-489.04248046875,-489.03369140625,-0.0087890625,non_proxy_16,24,8,0
17,-489.04248046875,-489.03369140625,-0.0087890625,non_proxy_16,24,8,0
18,-489.04248046875,-489.03369140625,-0.0087890625,non_proxy_16,24,8,0
19,-489.04583740234375,-489.03369140625,-0.01214599609375,non_proxy_16,24,8,0
20,-489.04248046875,-489.03369140625,-0.0087890625,non_proxy_16,24,8,0
21,-489.04583740234375,-489.03369140625,-0.01214599609375,non_proxy_16,24,8,0
22,-489.04583740234375,-489.03369140625,-0.01214599609375,non_proxy_16,24,8,0
23,-489.04248046875,-489.03369140625,-0.0087890625,non_proxy_16,24,8,0
24,-489.04583740234375,-489.03369140625,-0.01214599609375,non_proxy_16,24,8,0
25,-489.04583740234375,-489.03369140625,-0.01214599609375,non_proxy_16,24,8,0
26,-489.04583740234375,-489.03369140625,-0.01214599609375,non_proxy_16,24,8,0
27,-489.04583740234375,-489.03369140625,-0.01214599609375,non_proxy_16,24,8,0
28,-489.04583740234375,-489.03369140625,-0.01214599609375,non_proxy_16,24,8,0
29,-489.04248046875,-489.03369140625,-0.0087890625,non_proxy_16,24,8,0
30,-489.04583740234375,-489.03369140625,-0.01214599609375,non_proxy_16,24,8,0
31,-489.04583740234375,-489.03369140625,-0.01214599609375,non_proxy_16,24,8,0
32,-489.04583740234375,-489.03369140625,-0.01214599609375,non_proxy_16,24,8,0
33,-489.04583740234375,-489.03369140625,-0.01214599609375,non_proxy_16,24,8,0
34,-489.04248046875,-489.03369140625,-0.0087890625,non_proxy_16,24,8,0
35,-489.04583740234375,-489.03369140625,-0.01214599609375,non_proxy_16,24,8,0
36,-489.04583740234375,-489.03369140625,-0.01214599609375,non_proxy_16,24,8,0
37,-489.04583740234375,-489.03369140625,-0.01214599609375,non_proxy_16,24,8,0
38,-489.04583740234375,-489.03369140625,-0.01214599609375,non_proxy_16,24,8,0
39,-489.04583740234375,-489.03369140625,-0.01214599609375,non_proxy_16,24,8,0
40,-489.04583740234375,-489.03369140625,-0.01214599609375,non_proxy_16,24,8,0
41,-489.04583740234375,-489.03369140625,-0.01214599609375,non_proxy_16,24,8,0
42,-489.04583740234375,-489.03369140625,-0.01214599609375,non_proxy_16,24,8,0
43,-489.04248046875,-489.03369140625,-0.0087890625,non_proxy_16,24,8,0
44,-489.04583740234375,-489.03369140625,-0.01214599609375,non_proxy_16,24,8,0
45,-489.04583740234375,-489.03369140625,-0.01214599609375,non_proxy_16,24,8,0
46,-489.04583740234375,-489.03369140625,-0.01214599609375,non_proxy_16,24,8,0
47,-489.04583740234375,-489.03369140625,-0.01214599609375,non_proxy_16,24,8,0
48,-489.04583740234375,-489.03369140625,-0.01214599609375,non_proxy_16,24,8,0
49,-489.04583740234375,-489.03369140625,-0.01214599609375,non_proxy_16,24,8,0
50,-489.04583740234375,-489.03369140625,-0.01214599609375,non_proxy_16,24,8,0
51,-489.04248046875,-489.03369140625,-0.0087890625,non_proxy_16,24,8,0
52,-489.04583740234375,-489.03369140625,-0.01214599609375,non_proxy_16,24,8,0
53,-489.04248046875,-489.03369140625,-0.0087890625,non_proxy_16,24,8,0
54,-489.04583740234375,-489.03369140625,-0.01214599609375,non_proxy_16,24,8,0
55,-489.04583740234375,-489.03369140625,-0.01214599609375,non_proxy_16,24,8,0
56,-489.04248046875,-489.03369140625,-0.0087890625,non_proxy_16,24,8,0
57,-489.04583740234375,-489.03369140625,-0.01214599609375,non_proxy_16,24,8,0
58,-489.04583740234375,-489.03369140625,-0.01214599609375,non_proxy_16,24,8,0
59,-489.04583740234375,-489.03369140625,-0.01214599609375,non_proxy_16,24,8,0
60,-489.04583740234375,-489.03369140625,-0.01214599609375,non_proxy_16,24,8,0
61,-489.04583740234375,-489.03369140625,-0.01214599609375,non_proxy_16,24,8,0
62,-489.04583740234375,-489.03369140625,-0.01214599609375,non_proxy_16,24,8,0
63,-489.04248046875,-489.03369140625,-0.0087890625,non_proxy_16,24,8,0
64,-489.04583740234375,-489.03369140625,-0.01214599609375,non_proxy_16,24,8,0
65,-489.04583740234375,-489.03369140625,-0.01214599609375,non_proxy_16,24,8,0
66,-489.04583740234375,-489.03369140625,-0.01214599609375,non_proxy_16,24,8,0
67,-489.04583740234375,-489.03369140625,-0.01214599609375,non_proxy_16,24,8,0
68,-489.04583740234375,-489.03369140625,-0.01214599609375,non_proxy_16,24,8,0
69,-489.04583740234375,-489.03369140625,-0.01214599609375,non_proxy_16,24,8,0
70,-489.04583740234375,-489.03369140625,-0.01214599609375,non_proxy_16,24,8,0
71,-489.04583740234375,-489.03369140625,-0.01214599609375,non_proxy_16,24,8,0
72,-489.04583740234375,-489.03369140625,-0.01214599609375,non_proxy_16,24,8,0
73,-489.04583740234375,-489.03369140625,-0.01214599609375,non_proxy_16,24,8,0
74,-489.04248046875,-489.03369140625,-0.0087890625,non_proxy_16,24,8,0
75,-489.03369140625,-489.03369140625,0.0,non_proxy_16,24,8,0
76,-489.04248046875,-489.03369140625,-0.0087890625,non_proxy_16,24,8,0
77,-489.04583740234375,-489.03369140625,-0.01214599609375,non_proxy_16,24,8,0
78,-489.04583740234375,-489.03369140625,-0.01214599609375,non_proxy_16,24,8,0
79,-489.04583740234375,-489.03369140625,-0.01214599609375,non_proxy_16,24,8,0
80,-489.04248046875,-489.03369140625,-0.0087890625,non_proxy_16,24,8,0
81,-489.04583740234375,-489.03369140625,-0.01214599609375,non_proxy_16,24,8,0
82,-489.04583740234375,-489.03369140625,-0.01214599609375,non_proxy_16,24,8,0
83,-489.04583740234375,-489.03369140625,-0.01214599609375,non_proxy_16,24,8,0
84,-489.04583740234375,-489.03369140625,-0.01214599609375,non_proxy_16,24,8,0
85,-489.04248046875,-489.03369140625,-0.0087890625,non_proxy_16,24,8,0
86,-489.04583740234375,-489.03369140625,-0.01214599609375,non_proxy_16,24,8,0
87,-489.04583740234375,-489.03369140625,-0.01214599609375,non_proxy_16,24,8,0
88,-489.04583740234375,-489.03369140625,-0.01214599609375,non_proxy_16,24,8,0
89,-489.04583740234375,-489.03369140625,-0.01214599609375,non_proxy_16,24,8,0
90,-489.04583740234375,-489.03369140625,-0.01214599609375,non_proxy_16,24,8,0
91,-489.04583740234375,-489.03369140625,-0.01214599609375,non_proxy_16,24,8,0
92,-489.04583740234375,-489.03369140625,-0.01214599609375,non_proxy_16,24,8,0
93,-489.04248046875,-489.03369140625,-0.0087890625,non_proxy_16,24,8,0
94,-489.04583740234375,-489.03369140625,-0.01214599609375,non_proxy_16,24,8,0
95,-489.04583740234375,-489.03369140625,-0.01214599609375,non_proxy_16,24,8,0
96,-489.04583740234375,-489.03369140625,-0.01214599609375,non_proxy_16,24,8,0
97,-489.0424499511719,-489.03369140625,-0.008758544921875,non_proxy_16,24,8,0
98,-489.04248046875,-489.03369140625,-0.0087890625,non_proxy_16,24,8,0
99,-489.0424499511719,-489.03369140625,-0.008758544921875,non_proxy_16,24,8,0
100,-489.04583740234375,-489.03369140625,-0.01214599609375,non_proxy_16,24,8,0
101,-489.04248046875,-489.03369140625,-0.0087890625,non_proxy_16,24,8,0
102,-489.04583740234375,-489.03369140625,-0.01214599609375,non_proxy_16,24,8,0
103,-489.04583740234375,-489.03369140625,-0.01214599609375,non_proxy_16,24,8,0
104,-489.04583740234375,-489.03369140625,-0.01214599609375,non_proxy_16,24,8,0
105,-489.04583740234375,-489.03369140625,-0.01214599609375,non_proxy_16,24,8,0
106,-489.04583740234375,-489.03369140625,-0.01214599609375,non_proxy_16,24,8,0
107,-489.04583740234375,-489.03369140625,-0.01214599609375,non_proxy_16,24,8,0
108,-489.04248046875,-489.03369140625,-0.0087890625,non_proxy_16,24,8,0
109,-489.04583740234375,-489.03369140625,-0.01214599609375,non_proxy_16,24,8,0
110,-489.04583740234375,-489.03369140625,-0.01214599609375,non_proxy_16,24,8,0
111,-489.04248046875,-489.03369140625,-0.0087890625,non_proxy_16,24,8,0
112,-489.04583740234375,-489.03369140625,-0.01214599609375,non_proxy_16,24,8,0
113,-489.04583740234375,-489.03369140625,-0.01214599609375,non_proxy_16,24,8,0
114,-489.04583740234375,-489.03369140625,-0.01214599609375,non_proxy_16,24,8,0
115,-489.04583740234375,-489.03369140625,-0.01214599609375,non_proxy_16,24,8,0
116,-489.04248046875,-489.03369140625,-0.0087890625,non_proxy_16,24,8,0
117,-489.04583740234375,-489.03369140625,-0.01214599609375,non_proxy_16,24,8,0
118,-489.04583740234375,-489.03369140625,-0.01214599609375,non_proxy_16,24,8,0
119,-489.04583740234375,-489.03369140625,-0.01214599609375,non_proxy_16,24,8,0
120,-489.04583740234375,-489.03369140625,-0.01214599609375,non_proxy_16,24,8,0
121,-489.04248046875,-489.03369140625,-0.0087890625,non_proxy_16,24,8,0
122,-489.04583740234375,-489.03369140625,-0.01214599609375,non_proxy_16,24,8,0
123,-489.04583740234375,-489.03369140625,-0.01214599609375,non_proxy_16,24,8,0
124,-489.04583740234375,-489.03369140625,-0.01214599609375,non_proxy_16,24,8,0
125,-489.04583740234375,-489.03369140625,-0.01214599609375,non_proxy_16,24,8,0
126,-489.04583740234375,-489.03369140625,-0.01214599609375,non_proxy_16,24,8,0
127,-489.04583740234375,-489.03369140625,-0.01214599609375,non_proxy_16,24,8,0
128,-489.04583740234375,-489.03369140625,-0.01214599609375,non_proxy_16,24,8,0
129,-489.04583740234375,-489.03369140625,-0.01214599609375,non_proxy_16,24,8,0
130,-489.04583740234375,-489.03369140625,-0.01214599609375,non_proxy_16,24,8,0
131,-489.04583740234375,-489.03369140625,-0.01214599609375,non_proxy_16,24,8,0
132,-489.04583740234375,-489.03369140625,-0.01214599609375,non_proxy_16,24,8,0
133,-489.04248046875,-489.03369140625,-0.0087890625,non_proxy_16,24,8,0
134,-489.04583740234375,-489.03369140625,-0.01214599609375,non_proxy_16,24,8,0
135,-489.04248046875,-489.03369140625,-0.0087890625,non_proxy_16,24,8,0
136,-489.04583740234375,-489.03369140625,-0.01214599609375,non_proxy_16,24,8,0
137,-489.04583740234375,-489.03369140625,-0.01214599609375,non_proxy_16,24,8,0
138,-489.04583740234375,-489.03369140625,-0.01214599609375,non_proxy_16,24,8,0
139,-489.04583740234375,-489.03369140625,-0.01214599609375,non_proxy_16,24,8,0
140,-489.04583740234375,-489.03369140625,-0.01214599609375,non_proxy_16,24,8,0
141,-489.04583740234375,-489.03369140625,-0.01214599609375,non_proxy_16,24,8,0
142,-489.04583740234375,-489.03369140625,-0.01214599609375,non_proxy_16,24,8,0
143,-489.04583740234375,-489.03369140625,-0.01214599609375,non_proxy_16,24,8,0
144,-489.04583740234375,-489.03369140625,-0.01214599609375,non_proxy_16,24,8,0
145,-489.04583740234375,-489.03369140625,-0.01214599609375,non_proxy_16,24,8,0
146,-489.04583740234375,-489.03369140625,-0.01214599609375,non_proxy_16,24,8,0
147,-489.04583740234375,-489.03369140625,-0.01214599609375,non_proxy_16,24,8,0
148,-489.04583740234375,-489.03369140625,-0.01214599609375,non_proxy_16,24,8,0
149,-489.04583740234375,-489.03369140625,-0.01214599609375,non_proxy_16,24,8,0
150,-489.04583740234375,-489.03369140625,-0.01214599609375,non_proxy_16,24,8,0
151,-489.04583740234375,-489.03369140625,-0.01214599609375,non_proxy_16,24,8,0
152,-489.04583740234375,-489.03369140625,-0.01214599609375,non_proxy_16,24,8,0
153,-489.04248046875,-489.03369140625,-0.0087890625,non_proxy_16,24,8,0
154,-489.04583740234375,-489.03369140625,-0.01214599609375,non_proxy_16,24,8,0
155,-489.04583740234375,-489.03369140625,-0.01214599609375,non_proxy_16,24,8,0
156,-489.04583740234375,-489.03369140625,-0.01214599609375,non_proxy_16,24,8,0
157,-489.0424499511719,-489.03369140625,-0.008758544921875,non_proxy_16,24,8,0
158,-489.04583740234375,-489.03369140625,-0.01214599609375,non_proxy_16,24,8,0
159,-489.04583740234375,-489.03369140625,-0.01214599609375,non_proxy_16,24,8,0
160,-489.04248046875,-489.03369140625,-0.0087890625,non_proxy_16,24,8,0
161,-489.04583740234375,-489.03369140625,-0.01214599609375,non_proxy_16,24,8,0
162,-489.04583740234375,-489.03369140625,-0.01214599609375,non_proxy_16,24,8,0
163,-489.04583740234375,-489.03369140625,-0.01214599609375,non_proxy_16,24,8,0
164,-489.04583740234375,-489.03369140625,-0.01214599609375,non_proxy_16,24,8,0
165,-489.0424499511719,-489.03369140625,-0.008758544921875,non_proxy_16,24,8,0
166,-489.04583740234375,-489.03369140625,-0.01214599609375,non_proxy_16,24,8,0
167,-489.04583740234375,-489.03369140625,-0.01214599609375,non_proxy_16,24,8,0
168,-489.04583740234375,-489.03369140625,-0.01214599609375,non_proxy_16,24,8,0
169,-489.04248046875,-489.03369140625,-0.0087890625,non_proxy_16,24,8,0
170,-489.04583740234375,-489.03369140625,-0.01214599609375,non_proxy_16,24,8,0
171,-489.04248046875,-489.03369140625,-0.0087890625,non_proxy_16,24,8,0
172,-489.04248046875,-489.03369140625,-0.0087890625,non_proxy_16,24,8,0
173,-489.04583740234375,-489.03369140625,-0.01214599609375,non_proxy_16,24,8,0
174,-489.04583740234375,-489.03369140625,-0.01214599609375,non_proxy_16,24,8,0
175,-489.04583740234375,-489.03369140625,-0.01214599609375,non_proxy_16,24,8,0
176,-489.04583740234375,-489.03369140625,-0.01214599609375,non_proxy_16,24,8,0
177,-489.04248046875,-489.03369140625,-0.0087890625,non_proxy_16,24,8,0
178,-489.04583740234375,-489.03369140625,-0.01214599609375,non_proxy_16,24,8,0
179,-489.04583740234375,-489.03369140625,-0.01214599609375,non_proxy_16,24,8,0
180,-489.04583740234375,-489.03369140625,-0.01214599609375,non_proxy_16,24,8,0
181,-489.04583740234375,-489.03369140625,-0.01214599609375,non_proxy_16,24,8,0
182,-489.04583740234375,-489.03369140625,-0.01214599609375,non_proxy_16,24,8,0
183,-489.04583740234375,-489.03369140625,-0.01214599609375,non_proxy_16,24,8,0
184,-489.04583740234375,-489.03369140625,-0.01214599609375,non_proxy_16,24,8,0
185,-489.04583740234375,-489.03369140625,-0.01214599609375,non_proxy_16,24,8,0
186,-489.04583740234375,-489.03369140625,-0.01214599609375,non_proxy_16,24,8,0
187,-489.04248046875,-489.03369140625,-0.0087890625,non_proxy_16,24,8,0
188,-489.0424499511719,-489.03369140625,-0.008758544921875,non_proxy_16,24,8,0
189,-489.04583740234375,-489.03369140625,-0.01214599609375,non_proxy_16,24,8,0
190,-489.04248046875,-489.03369140625,-0.0087890625,non_proxy_16,24,8,0
191,-489.04583740234375,-489.03369140625,-0.01214599609375,non_proxy_16,24,8,0
192,-489.04583740234375,-489.03369140625,-0.01214599609375,non_proxy_16,24,8,0
193,-489.04583740234375,-489.03369140625,-0.01214599609375,non_proxy_16,24,8,0
194,-489.04583740234375,-489.03369140625,-0.01214599609375,non_proxy_16,24,8,0
195,-489.04583740234375,-489.03369140625,-0.01214599609375,non_proxy_16,24,8,0
196,-489.04583740234375,-489.03369140625,-0.01214599609375,non_proxy_16,24,8,0
197,-489.04583740234375,-489.03369140625,-0.01214599609375,non_proxy_16,24,8,0
198,-489.04583740234375,-489.03369140625,-0.01214599609375,non_proxy_16,24,8,0
199,-489.04583740234375,-489.03369140625,-0.01214599609375,non_proxy_16,24,8,0
200,-489.04583740234375,-489.03369140625,-0.01214599609375,non_proxy_16,24,8,0
201,-489.04583740234375,-489.03369140625,-0.01214599609375,non_proxy_16,24,8,0
202,-489.04583740234375,-489.03369140625,-0.01214599609375,non_proxy_16,24,8,0
203,-489.0424499511719,-489.03369140625,-0.008758544921875,non_proxy_16,24,8,0
204,-489.04583740234375,-489.03369140625,-0.01214599609375,non_proxy_16,24,8,0
205,-489.0424499511719,-489.03369140625,-0.008758544921875,non_proxy_16,24,8,0
206,-489.04583740234375,-489.03369140625,-0.01214599609375,non_proxy_16,24,8,0
207,-489.04248046875,-489.03369140625,-0.0087890625,non_proxy_16,24,8,0
208,-489.04583740234375,-489.03369140625,-0.01214599609375,non_proxy_16,24,8,0
209,-489.04583740234375,-489.03369140625,-0.01214599609375,non_proxy_16,24,8,0
210,-489.04583740234375,-489.03369140625,-0.01214599609375,non_proxy_16,24,8,0
211,-489.04583740234375,-489.03369140625,-0.01214599609375,non_proxy_16,24,8,0
212,-489.04583740234375,-489.03369140625,-0.01214599609375,non_proxy_16,24,8,0
213,-489.04583740234375,-489.03369140625,-0.01214599609375,non_proxy_16,24,8,0
214,-489.04583740234375,-489.03369140625,-0.01214599609375,non_proxy_16,24,8,0
215,-489.04583740234375,-489.03369140625,-0.01214599609375,non_proxy_16,24,8,0
216,-489.04583740234375,-489.03369140625,-0.01214599609375,non_proxy_16,24,8,0
217,-489.04583740234375,-489.03369140625,-0.01214599609375,non_proxy_16,24,8,0
218,-489.04248046875,-489.03369140625,-0.0087890625,non_proxy_16,24,8,0
219,-489.04248046875,-489.03369140625,-0.0087890625,non_proxy_16,24,8,0
220,-489.04583740234375,-489.03369140625,-0.01214599609375,non_proxy_16,24,8,0
221,-489.04583740234375,-489.03369140625,-0.01214599609375,non_proxy_16,24,8,0
222,-489.04583740234375,-489.03369140625,-0.01214599609375,non_proxy_16,24,8,0
223,-489.04248046875,-489.03369140625,-0.0087890625,non_proxy_16,24,8,0
224,-489.04583740234375,-489.03369140625,-0.01214599609375,non_proxy_16,24,8,0
225,-489.04583740234375,-489.03369140625,-0.01214599609375,non_proxy_16,24,8,0
226,-489.04583740234375,-489.03369140625,-0.01214599609375,non_proxy_16,24,8,0
227,-489.04583740234375,-489.03369140625,-0.01214599609375,non_proxy_16,24,8,0
228,-489.04248046875,-489.03369140625,-0.0087890625,non_proxy_16,24,8,0
229,-489.04583740234375,-489.03369140625,-0.01214599609375,non_proxy_16,24,8,0
230,-489.0424499511719,-489.03369140625,-0.008758544921875,non_proxy_16,24,8,0
231,-489.04583740234375,-489.03369140625,-0.01214599609375,non_proxy_16,24,8,0
232,-489.04583740234375,-489.03369140625,-0.01214599609375,non_proxy_16,24,8,0
233,-489.04583740234375,-489.03369140625,-0.01214599609375,non_proxy_16,24,8,0
234,-489.04583740234375,-489.03369140625,-0.01214599609375,non_proxy_16,24,8,0
235,-489.04583740234375,-489.03369140625,-0.01214599609375,non_proxy_16,24,8,0
236,-489.04583740234375,-489.03369140625,-0.01214599609375,non_proxy_16,24,8,0
237,-489.04583740234375,-489.03369140625,-0.01214599609375,non_proxy_16,24,8,0
238,-489.04248046875,-489.03369140625,-0.0087890625,non_proxy_16,24,8,0
239,-489.04248046875,-489.03369140625,-0.0087890625,non_proxy_16,24,8,0
240,-489.04583740234375,-489.03369140625,-0.01214599609375,non_proxy_16,24,8,0
241,-489.04248046875,-489.03369140625,-0.0087890625,non_proxy_16,24,8,0
242,-489.04583740234375,-489.03369140625,-0.01214599609375,non_proxy_16,24,8,0
243,-489.04583740234375,-489.03369140625,-0.01214599609375,non_proxy_16,24,8,0
244,-489.04583740234375,-489.03369140625,-0.01214599609375,non_proxy_16,24,8,0
245,-489.04248046875,-489.03369140625,-0.0087890625,non_proxy_16,24,8,0
246,-489.04583740234375,-489.03369140625,-0.01214599609375,non_proxy_16,24,8,0
247,-489.04583740234375,-489.03369140625,-0.01214599609375,non_proxy_16,24,8,0
248,-489.04583740234375,-489.03369140625,-0.01214599609375,non_proxy_16,24,8,0
249,-489.04583740234375,-489.03369140625,-0.01214599609375,non_proxy_16,24,8,0
250,-489.04248046875,-489.03369140625,-0.0087890625,non_proxy_16,24,8,0
251,-489.04583740234375,-489.03369140625,-0.01214599609375,non_proxy_16,24,8,0
252,-489.04583740234375,-489.03369140625,-0.01214599609375,non_proxy_16,24,8,0
253,-489.04248046875,-489.03369140625,-0.0087890625,non_proxy_16,24,8,0
254,-489.04248046875,-489.03369140625,-0.0087890625,non_proxy_16,24,8,0
255,-489.04583740234375,-489.03369140625,-0.01214599609375,non_proxy_16,24,8,0
256,-489.04583740234375,-489.03369140625,-0.01214599609375,non_proxy_16,24,8,0
257,-489.04248046875,-489.03369140625,-0.0087890625,non_proxy_16,24,8,0
258,-489.04583740234375,-489.03369140625,-0.01214599609375,non_proxy_16,24,8,0
259,-489.04583740234375,-489.03369140625,-0.01214599609375,non_proxy_16,24,8,0
260,-489.04583740234375,-489.03369140625,-0.01214599609375,non_proxy_16,24,8,0
261,-489.04583740234375,-489.03369140625,-0.01214599609375,non_proxy_16,24,8,0
262,-489.04248046875,-489.03369140625,-0.0087890625,non_proxy_16,24,8,0
263,-489.04248046875,-489.03369140625,-0.0087890625,non_proxy_16,24,8,0
264,-489.04583740234375,-489.03369140625,-0.01214599609375,non_proxy_16,24,8,0
265,-489.04583740234375,-489.03369140625,-0.01214599609375,non_proxy_16,24,8,0
266,-489.04583740234375,-489.03369140625,-0.01214599609375,non_proxy_16,24,8,0
267,-489.04248046875,-489.03369140625,-0.0087890625,non_proxy_16,24,8,0
268,-489.04583740234375,-489.03369140625,-0.01214599609375,non_proxy_16,24,8,0
269,-489.04583740234375,-489.03369140625,-0.01214599609375,non_proxy_16,24,8,0
270,-489.04583740234375,-489.03369140625,-0.01214599609375,non_proxy_16,24,8,0
271,-489.04583740234375,-489.03369140625,-0.01214599609375,non_proxy_16,24,8,0
272,-489.04583740234375,-489.03369140625,-0.01214599609375,non_proxy_16,24,8,0
273,-489.04248046875,-489.03369140625,-0.0087890625,non_proxy_16,24,8,0
274,-489.04583740234375,-489.03369140625,-0.01214599609375,non_proxy_16,24,8,0
275,-489.04583740234375,-489.03369140625,-0.01214599609375,non_proxy_16,24,8,0
276,-489.04583740234375,-489.03369140625,-0.01214599609375,non_proxy_16,24,8,0
277,-489.04583740234375,-489.03369140625,-0.01214599609375,non_proxy_16,24,8,0
278,-489.04583740234375,-489.03369140625,-0.01214599609375,non_proxy_16,24,8,0
279,-489.04583740234375,-489.03369140625,-0.01214599609375,non_proxy_16,24,8,0
280,-489.04583740234375,-489.03369140625,-0.01214599609375,non_proxy_16,24,8,0
281,-489.04248046875,-489.03369140625,-0.0087890625,non_proxy_16,24,8,0
282,-489.04248046875,-489.03369140625,-0.0087890625,non_proxy_16,24,8,0
283,-489.04248046875,-489.03369140625,-0.0087890625,non_proxy_16,24,8,0
284,-489.04583740234375,-489.03369140625,-0.01214599609375,non_proxy_16,24,8,0
285,-489.04583740234375,-489.03369140625,-0.01214599609375,non_proxy_16,24,8,0
286,-489.04583740234375,-489.03369140625,-0.01214599609375,non_proxy_16,24,8,0
287,-489.04583740234375,-489.03369140625,-0.01214599609375,non_proxy_16,24,8,0
288,-489.04583740234375,-489.03369140625,-0.01214599609375,non_proxy_16,24,8,0
289,-489.04583740234375,-489.03369140625,-0.01214599609375,non_proxy_16,24,8,0
290,-489.0424499511719,-489.03369140625,-0.008758544921875,non_proxy_16,24,8,0
291,-489.04248046875,-489.03369140625,-0.0087890625,non_proxy_16,24,8,0
292,-489.04248046875,-489.03369140625,-0.0087890625,non_proxy_16,24,8,0
293,-489.04583740234375,-489.03369140625,-0.01214599609375,non_proxy_16,24,8,0
294,-489.04583740234375,-489.03369140625,-0.01214599609375,non_proxy_16,24,8,0
295,-489.0424499511719,-489.03369140625,-0.008758544921875,non_proxy_16,24,8,0
296,-489.04583740234375,-489.03369140625,-0.01214599609375,non_proxy_16,24,8,0
297,-489.04583740234375,-489.03369140625,-0.01214599609375,non_proxy_16,24,8,0
298,-489.04583740234375,-489.03369140625,-0.01214599609375,non_proxy_16,24,8,0
299,-489.04583740234375,-489.03369140625,-0.01214599609375,non_proxy_16,24,8,0
300,-489.04583740234375,-489.03369140625,-0.01214599609375,non_proxy_16,24,8,0
301,-489.04583740234375,-489.03369140625,-0.01214599609375,non_proxy_16,24,8,0
302,-489.04248046875,-489.03369140625,-0.0087890625,non_proxy_16,24,8,0
303,-489.04248046875,-489.03369140625,-0.0087890625,non_proxy_16,24,8,0
304,-489.04583740234375,-489.03369140625,-0.01214599609375,non_proxy_16,24,8,0
305,-489.04583740234375,-489.03369140625,-0.01214599609375,non_proxy_16,24,8,0
306,-489.04583740234375,-489.03369140625,-0.01214599609375,non_proxy_16,24,8,0
307,-489.0424499511719,-489.03369140625,-0.008758544921875,non_proxy_16,24,8,0
308,-489.04583740234375,-489.03369140625,-0.01214599609375,non_proxy_16,24,8,0
309,-489.04583740234375,-489.03369140625,-0.01214599609375,non_proxy_16,24,8,0
310,-489.04583740234375,-489.03369140625,-0.01214599609375,non_proxy_16,24,8,0
311,-489.04583740234375,-489.03369140625,-0.01214599609375,non_proxy_16,24,8,0
312,-489.04583740234375,-489.03369140625,-0.01214599609375,non_proxy_16,24,8,0
313,-489.04583740234375,-489.03369140625,-0.01214599609375,non_proxy_16,24,8,0
314,-489.04583740234375,-489.03369140625,-0.01214599609375,non_proxy_16,24,8,0
315,-489.04583740234375,-489.03369140625,-0.01214599609375,non_proxy_16,24,8,0
316,-489.04583740234375,-489.03369140625,-0.01214599609375,non_proxy_16,24,8,0
317,-489.04583740234375,-489.03369140625,-0.01214599609375,non_proxy_16,24,8,0
318,-489.04583740234375,-489.03369140625,-0.01214599609375,non_proxy_16,24,8,0
319,-489.04583740234375,-489.03369140625,-0.01214599609375,non_proxy_16,24,8,0
320,-489.04583740234375,-489.03369140625,-0.01214599609375,non_proxy_16,24,8,0
321,-489.04583740234375,-489.03369140625,-0.01214599609375,non_proxy_16,24,8,0
322,-489.04583740234375,-489.03369140625,-0.01214599609375,non_proxy_16,24,8,0
323,-489.04583740234375,-489.03369140625,-0.01214599609375,non_proxy_16,24,8,0
324,-489.04583740234375,-489.03369140625,-0.01214599609375,non_proxy_16,24,8,0
325,-489.04583740234375,-489.03369140625,-0.01214599609375,non_proxy_16,24,8,0
326,-489.04248046875,-489.03369140625,-0.0087890625,non_proxy_16,24,8,0
327,-489.04248046875,-489.03369140625,-0.0087890625,non_proxy_16,24,8,0
328,-489.04583740234375,-489.03369140625,-0.01214599609375,non_proxy_16,24,8,0
329,-489.04583740234375,-489.03369140625,-0.01214599609375,non_proxy_16,24,8,0
330,-489.04583740234375,-489.03369140625,-0.01214599609375,non_proxy_16,24,8,0
331,-489.04248046875,-489.03369140625,-0.0087890625,non_proxy_16,24,8,0
332,-489.0424499511719,-489.03369140625,-0.008758544921875,non_proxy_16,24,8,0
333,-489.04583740234375,-489.03369140625,-0.01214599609375,non_proxy_16,24,8,0
334,-489.04248046875,-489.03369140625,-0.0087890625,non_proxy_16,24,8,0
335,-489.04583740234375,-489.03369140625,-0.01214599609375,non_proxy_16,24,8,0
336,-489.04583740234375,-489.03369140625,-0.01214599609375,non_proxy_16,24,8,0
337,-489.04248046875,-489.03369140625,-0.0087890625,non_proxy_16,24,8,0
338,-489.04583740234375,-489.03369140625,-0.01214599609375,non_proxy_16,24,8,0
339,-489.04583740234375,-489.03369140625,-0.01214599609375,non_proxy_16,24,8,0
340,-489.04248046875,-489.03369140625,-0.0087890625,non_proxy_16,24,8,0
341,-489.04248046875,-489.03369140625,-0.0087890625,non_proxy_16,24,8,0
342,-489.04583740234375,-489.03369140625,-0.01214599609375,non_proxy_16,24,8,0
343,-489.04583740234375,-489.03369140625,-0.01214599609375,non_proxy_16,24,8,0
344,-489.04248046875,-489.03369140625,-0.0087890625,non_proxy_16,24,8,0
345,-489.04583740234375,-489.03369140625,-0.01214599609375,non_proxy_16,24,8,0
346,-489.04583740234375,-489.03369140625,-0.01214599609375,non_proxy_16,24,8,0
347,-489.04248046875,-489.03369140625,-0.0087890625,non_proxy_16,24,8,0
348,-489.04248046875,-489.03369140625,-0.0087890625,non_proxy_16,24,8,0
349,-489.04583740234375,-489.03369140625,-0.01214599609375,non_proxy_16,24,8,0
350,-489.04248046875,-489.03369140625,-0.0087890625,non_proxy_16,24,8,0
351,-489.04583740234375,-489.03369140625,-0.01214599609375,non_proxy_16,24,8,0
352,-489.04583740234375,-489.03369140625,-0.01214599609375,non_proxy_16,24,8,0
353,-489.04583740234375,-489.03369140625,-0.01214599609375,non_proxy_16,24,8,0
354,-489.04583740234375,-489.03369140625,-0.01214599609375,non_proxy_16,24,8,0
355,-489.04583740234375,-489.03369140625,-0.01214599609375,non_proxy_16,24,8,0
356,-489.04583740234375,-489.03369140625,-0.01214599609375,non_proxy_16,24,8,0
357,-489.04248046875,-489.03369140625,-0.0087890625,non_proxy_16,24,8,0
358,-489.04583740234375,-489.03369140625,-0.01214599609375,non_proxy_16,24,8,0
359,-489.04583740234375,-489.03369140625,-0.01214599609375,non_proxy_16,24,8,0
360,-489.04583740234375,-489.03369140625,-0.01214599609375,non_proxy_16,24,8,0
361,-489.04583740234375,-489.03369140625,-0.01214599609375,non_proxy_16,24,8,0
362,-489.04583740234375,-489.03369140625,-0.01214599609375,non_proxy_16,24,8,0
363,-489.04583740234375,-489.03369140625,-0.01214599609375,non_proxy_16,24,8,0
364,-489.04248046875,-489.03369140625,-0.0087890625,non_proxy_16,24,8,0
365,-489.04583740234375,-489.03369140625,-0.01214599609375,non_proxy_16,24,8,0
366,-489.04583740234375,-489.03369140625,-0.01214599609375,non_proxy_16,24,8,0
367,-489.04248046875,-489.03369140625,-0.0087890625,non_proxy_16,24,8,0
368,-489.04248046875,-489.03369140625,-0.0087890625,non_proxy_16,24,8,0
369,-489.04248046875,-489.03369140625,-0.0087890625,non_proxy_16,24,8,0
370,-489.04583740234375,-489.03369140625,-0.01214599609375,non_proxy_16,24,8,0
371,-489.04583740234375,-489.03369140625,-0.01214599609375,non_proxy_16,24,8,0
372,-489.04583740234375,-489.03369140625,-0.01214599609375,non_proxy_16,24,8,0
373,-489.04583740234375,-489.03369140625,-0.01214599609375,non_proxy_16,24,8,0
374,-489.04248046875,-489.03369140625,-0.0087890625,non_proxy_16,24,8,0
375,-489.04583740234375,-489.03369140625,-0.01214599609375,non_proxy_16,24,8,0
376,-489.04248046875,-489.03369140625,-0.0087890625,non_proxy_16,24,8,0
377,-489.04583740234375,-489.03369140625,-0.01214599609375,non_proxy_16,24,8,0
378,-489.04583740234375,-489.03369140625,-0.01214599609375,non_proxy_16,24,8,0
379,-489.04248046875,-489.03369140625,-0.0087890625,non_proxy_16,24,8,0
380,-489.04583740234375,-489.03369140625,-0.01214599609375,non_proxy_16,24,8,0
381,-489.04583740234375,-489.03369140625,-0.01214599609375,non_proxy_16,24,8,0
382,-489.04583740234375,-489.03369140625,-0.01214599609375,non_proxy_16,24,8,0
383,-489.04583740234375,-489.03369140625,-0.01214599609375,non_proxy_16,24,8,0
384,-489.04583740234375,-489.03369140625,-0.01214599609375,non_proxy_16,24,8,0
385,-489.04583740234375,-489.03369140625,-0.01214599609375,non_proxy_16,24,8,0
386,-489.04583740234375,-489.03369140625,-0.01214599609375,non_proxy_16,24,8,0
387,-489.04583740234375,-489.03369140625,-0.01214599609375,non_proxy_16,24,8,0
388,-489.04583740234375,-489.03369140625,-0.01214599609375,non_proxy_16,24,8,0
389,-489.04583740234375,-489.03369140625,-0.01214599609375,non_proxy_16,24,8,0
390,-489.04248046875,-489.03369140625,-0.0087890625,non_proxy_16,24,8,0
391,-489.04583740234375,-489.03369140625,-0.01214599609375,non_proxy_16,24,8,0
392,-489.04583740234375,-489.03369140625,-0.01214599609375,non_proxy_16,24,8,0
393,-489.04583740234375,-489.03369140625,-0.01214599609375,non_proxy_16,24,8,0
394,-489.04583740234375,-489.03369140625,-0.01214599609375,non_proxy_16,24,8,0
395,-489.04583740234375,-489.03369140625,-0.01214599609375,non_proxy_16,24,8,0
396,-489.04248046875,-489.03369140625,-0.0087890625,non_proxy_16,24,8,0
397,-489.04583740234375,-489.03369140625,-0.01214599609375,non_proxy_16,24,8,0
398,-489.04248046875,-489.03369140625,-0.0087890625,non_proxy_16,24,8,0
399,-489.04248046875,-489.03369140625,-0.0087890625,non_proxy_16,24,8,0
400,-489.04583740234375,-489.03369140625,-0.01214599609375,non_proxy_16,24,8,0
401,-489.04583740234375,-489.03369140625,-0.01214599609375,non_proxy_16,24,8,0
402,-489.04583740234375,-489.03369140625,-0.01214599609375,non_proxy_16,24,8,0
403,-489.04583740234375,-489.03369140625,-0.01214599609375,non_proxy_16,24,8,0
404,-489.04248046875,-489.03369140625,-0.0087890625,non_proxy_16,24,8,0
405,-489.04583740234375,-489.03369140625,-0.01214599609375,non_proxy_16,24,8,0
406,-489.04583740234375,-489.03369140625,-0.01214599609375,non_proxy_16,24,8,0
407,-489.04583740234375,-489.03369140625,-0.01214599609375,non_proxy_16,24,8,0
408,-489.04583740234375,-489.03369140625,-0.01214599609375,non_proxy_16,24,8,0
409,-489.04583740234375,-489.03369140625,-0.01214599609375,non_proxy_16,24,8,0
410,-489.04248046875,-489.03369140625,-0.0087890625,non_proxy_16,24,8,0
411,-489.04583740234375,-489.03369140625,-0.01214599609375,non_proxy_16,24,8,0
412,-489.04248046875,-489.03369140625,-0.0087890625,non_proxy_16,24,8,0
413,-489.0424499511719,-489.03369140625,-0.008758544921875,non_proxy_16,24,8,0
414,-489.04583740234375,-489.03369140625,-0.01214599609375,non_proxy_16,24,8,0
415,-489.04583740234375,-489.03369140625,-0.01214599609375,non_proxy_16,24,8,0
416,-489.04583740234375,-489.03369140625,-0.01214599609375,non_proxy_16,24,8,0
417,-489.04248046875,-489.03369140625,-0.0087890625,non_proxy_16,24,8,0
418,-489.04583740234375,-489.03369140625,-0.01214599609375,non_proxy_16,24,8,0
419,-489.04583740234375,-489.03369140625,-0.01214599609375,non_proxy_16,24,8,0
420,-489.04583740234375,-489.03369140625,-0.01214599609375,non_proxy_16,24,8,0
421,-489.04583740234375,-489.03369140625,-0.01214599609375,non_proxy_16,24,8,0
422,-489.04583740234375,-489.03369140625,-0.01214599609375,non_proxy_16,24,8,0
423,-489.04583740234375,-489.03369140625,-0.01214599609375,non_proxy_16,24,8,0
424,-489.04583740234375,-489.03369140625,-0.01214599609375,non_proxy_16,24,8,0
425,-489.04583740234375,-489.03369140625,-0.01214599609375,non_proxy_16,24,8,0
426,-489.04248046875,-489.03369140625,-0.0087890625,non_proxy_16,24,8,0
427,-489.04583740234375,-489.03369140625,-0.01214599609375,non_proxy_16,24,8,0
428,-489.04583740234375,-489.03369140625,-0.01214599609375,non_proxy_16,24,8,0
429,-489.0424499511719,-489.03369140625,-0.008758544921875,non_proxy_16,24,8,0
430,-489.04583740234375,-489.03369140625,-0.01214599609375,non_proxy_16,24,8,0
431,-489.04583740234375,-489.03369140625,-0.01214599609375,non_proxy_16,24,8,0
432,-489.04583740234375,-489.03369140625,-0.01214599609375,non_proxy_16,24,8,0
433,-489.04583740234375,-489.03369140625,-0.01214599609375,non_proxy_16,24,8,0
434,-489.04583740234375,-489.03369140625,-0.01214599609375,non_proxy_16,24,8,0
435,-489.04583740234375,-489.03369140625,-0.01214599609375,non_proxy_16,24,8,0
436,-489.04583740234375,-489.03369140625,-0.01214599609375,non_proxy_16,24,8,0
437,-489.04583740234375,-489.03369140625,-0.01214599609375,non_proxy_16,24,8,0
438,-489.0424499511719,-489.03369140625,-0.008758544921875,non_proxy_16,24,8,0
439,-489.04583740234375,-489.03369140625,-0.01214599609375,non_proxy_16,24,8,0
440,-489.04583740234375,-489.03369140625,-0.01214599609375,non_proxy_16,24,8,0
441,-489.04583740234375,-489.03369140625,-0.01214599609375,non_proxy_16,24,8,0
442,-489.04583740234375,-489.03369140625,-0.01214599609375,non_proxy_16,24,8,0
443,-489.04583740234375,-489.03369140625,-0.01214599609375,non_proxy_16,24,8,0
444,-489.04583740234375,-489.03369140625,-0.01214599609375,non_proxy_16,24,8,0
445,-489.04583740234375,-489.03369140625,-0.01214599609375,non_proxy_16,24,8,0
446,-489.04248046875,-489.03369140625,-0.0087890625,non_proxy_16,24,8,0
447,-489.04583740234375,-489.03369140625,-0.01214599609375,non_proxy_16,24,8,0
448,-489.04583740234375,-489.03369140625,-0.01214599609375,non_proxy_16,24,8,0
449,-489.04583740234375,-489.03369140625,-0.01214599609375,non_proxy_16,24,8,0
450,-489.04248046875,-489.03369140625,-0.0087890625,non_proxy_16,24,8,0
451,-489.0424499511719,-489.03369140625,-0.008758544921875,non_proxy_16,24,8,0
452,-489.0424499511719,-489.03369140625,-0.008758544921875,non_proxy_16,24,8,0
453,-489.04583740234375,-489.03369140625,-0.01214599609375,non_proxy_16,24,8,0
454,-489.04583740234375,-489.03369140625,-0.01214599609375,non_proxy_16,24,8,0
455,-489.04583740234375,-489.03369140625,-0.01214599609375,non_proxy_16,24,8,0
456,-489.04583740234375,-489.03369140625,-0.01214599609375,non_proxy_16,24,8,0
457,-489.04583740234375,-489.03369140625,-0.01214599609375,non_proxy_16,24,8,0
458,-489.04248046875,-489.03369140625,-0.0087890625,non_proxy_16,24,8,0
459,-489.04583740234375,-489.03369140625,-0.01214599609375,non_proxy_16,24,8,0
460,-489.04583740234375,-489.03369140625,-0.01214599609375,non_proxy_16,24,8,0
461,-489.04583740234375,-489.03369140625,-0.01214599609375,non_proxy_16,24,8,0
462,-489.04583740234375,-489.03369140625,-0.01214599609375,non_proxy_16,24,8,0
463,-489.04583740234375,-489.03369140625,-0.01214599609375,non_proxy_16,24,8,0
464,-489.04248046875,-489.03369140625,-0.0087890625,non_proxy_16,24,8,0
465,-489.04583740234375,-489.03369140625,-0.01214599609375,non_proxy_16,24,8,0
466,-489.04583740234375,-489.03369140625,-0.01214599609375,non_proxy_16,24,8,0
467,-489.04248046875,-489.03369140625,-0.0087890625,non_proxy_16,24,8,0
468,-489.04583740234375,-489.03369140625,-0.01214599609375,non_proxy_16,24,8,0
469,-489.04583740234375,-489.03369140625,-0.01214599609375,non_proxy_16,24,8,0
470,-489.04248046875,-489.03369140625,-0.0087890625,non_proxy_16,24,8,0
471,-489.04583740234375,-489.03369140625,-0.01214599609375,non_proxy_16,24,8,0
472,-489.04583740234375,-489.03369140625,-0.01214599609375,non_proxy_16,24,8,0
473,-489.04248046875,-489.03369140625,-0.0087890625,non_proxy_16,24,8,0
474,-489.04583740234375,-489.03369140625,-0.01214599609375,non_proxy_16,24,8,0
475,-489.04583740234375,-489.03369140625,-0.01214599609375,non_proxy_16,24,8,0
476,-489.04248046875,-489.03369140625,-0.0087890625,non_proxy_16,24,8,0
477,-489.04583740234375,-489.03369140625,-0.01214599609375,non_proxy_16,24,8,0
478,-489.04583740234375,-489.03369140625,-0.01214599609375,non_proxy_16,24,8,0
479,-489.04583740234375,-489.03369140625,-0.01214599609375,non_proxy_16,24,8,0
480,-489.0424499511719,-489.03369140625,-0.008758544921875,non_proxy_16,24,8,0
481,-489.04583740234375,-489.03369140625,-0.01214599609375,non_proxy_16,24,8,0
482,-489.04583740234375,-489.03369140625,-0.01214599609375,non_proxy_16,24,8,0
483,-489.04583740234375,-489.03369140625,-0.01214599609375,non_proxy_16,24,8,0
484,-489.04583740234375,-489.03369140625,-0.01214599609375,non_proxy_16,24,8,0
485,-489.04583740234375,-489.03369140625,-0.01214599609375,non_proxy_16,24,8,0
486,-489.04248046875,-489.03369140625,-0.0087890625,non_proxy_16,24,8,0
487,-489.04583740234375,-489.03369140625,-0.01214599609375,non_proxy_16,24,8,0
488,-489.04248046875,-489.03369140625,-0.0087890625,non_proxy_16,24,8,0
489,-489.04583740234375,-489.03369140625,-0.01214599609375,non_proxy_16,24,8,0
490,-489.04583740234375,-489.03369140625,-0.01214599609375,non_proxy_16,24,8,0
491,-489.04583740234375,-489.03369140625,-0.01214599609375,non_proxy_16,24,8,0
492,-489.04583740234375,-489.03369140625,-0.01214599609375,non_proxy_16,24,8,0
493,-489.04583740234375,-489.03369140625,-0.01214599609375,non_proxy_16,24,8,0
494,-489.04583740234375,-489.03369140625,-0.01214599609375,non_proxy_16,24,8,0
495,-489.04583740234375,-489.03369140625,-0.01214599609375,non_proxy_16,24,8,0
496,-489.04583740234375,-489.03369140625,-0.01214599609375,non_proxy_16,24,8,0
497,-489.04583740234375,-489.03369140625,-0.01214599609375,non_proxy_16,24,8,0
498,-489.04583740234375,-489.03369140625,-0.01214599609375,non_proxy_16,24,8,0
499,-489.04248046875,-489.03369140625,-0.0087890625,non_proxy_16,24,8,0
500,-489.04583740234375,-489.03369140625,-0.01214599609375,non_proxy_16,24,8,0
501,-489.04583740234375,-489.03369140625,-0.01214599609375,non_proxy_16,24,8,0
502,-489.04248046875,-489.03369140625,-0.0087890625,non_proxy_16,24,8,0
503,-489.04583740234375,-489.03369140625,-0.01214599609375,non_proxy_16,24,8,0
504,-489.04583740234375,-489.03369140625,-0.01214599609375,non_proxy_16,24,8,0
505,-489.04583740234375,-489.03369140625,-0.01214599609375,non_proxy_16,24,8,0
506,-489.04583740234375,-489.03369140625,-0.01214599609375,non_proxy_16,24,8,0
507,-489.04583740234375,-489.03369140625,-0.01214599609375,non_proxy_16,24,8,0
508,-489.04583740234375,-489.03369140625,-0.01214599609375,non_proxy_16,24,8,0
509,-489.04583740234375,-489.03369140625,-0.01214599609375,non_proxy_16,24,8,0
510,-489.04583740234375,-489.03369140625,-0.01214599609375,non_proxy_16,24,8,0
511,-489.04583740234375,-489.03369140625,-0.01214599609375,non_proxy_16,24,8,0
512,-489.04583740234375,-489.03369140625,-0.01214599609375,non_proxy_16,24,8,0
513,-489.04583740234375,-489.03369140625,-0.01214599609375,non_proxy_16,24,8,0
514,-489.04583740234375,-489.03369140625,-0.01214599609375,non_proxy_16,24,8,0
515,-489.04583740234375,-489.03369140625,-0.01214599609375,non_proxy_16,24,8,0
516,-489.04583740234375,-489.03369140625,-0.01214599609375,non_proxy_16,24,8,0
517,-489.04583740234375,-489.03369140625,-0.01214599609375,non_proxy_16,24,8,0
518,-489.04583740234375,-489.03369140625,-0.01214599609375,non_proxy_16,24,8,0
519,-489.04248046875,-489.03369140625,-0.0087890625,non_proxy_16,24,8,0
520,-489.04583740234375,-489.03369140625,-0.01214599609375,non_proxy_16,24,8,0
521,-489.04583740234375,-489.03369140625,-0.01214599609375,non_proxy_16,24,8,0
522,-489.04583740234375,-489.03369140625,-0.01214599609375,non_proxy_16,24,8,0
523,-489.04583740234375,-489.03369140625,-0.01214599609375,non_proxy_16,24,8,0
524,-489.04583740234375,-489.03369140625,-0.01214599609375,non_proxy_16,24,8,0
525,-489.0424499511719,-489.03369140625,-0.008758544921875,non_proxy_16,24,8,0
526,-489.04583740234375,-489.03369140625,-0.01214599609375,non_proxy_16,24,8,0
527,-489.04248046875,-489.03369140625,-0.0087890625,non_proxy_16,24,8,0
528,-489.04583740234375,-489.03369140625,-0.01214599609375,non_proxy_16,24,8,0
529,-489.04583740234375,-489.03369140625,-0.01214599609375,non_proxy_16,24,8,0
530,-489.04583740234375,-489.03369140625,-0.01214599609375,non_proxy_16,24,8,0
531,-489.04583740234375,-489.03369140625,-0.01214599609375,non_proxy_16,24,8,0
532,-489.04583740234375,-489.03369140625,-0.01214599609375,non_proxy_16,24,8,0
533,-489.04583740234375,-489.03369140625,-0.01214599609375,non_proxy_16,24,8,0
534,-489.04583740234375,-489.03369140625,-0.01214599609375,non_proxy_16,24,8,0
535,-489.04248046875,-489.03369140625,-0.0087890625,non_proxy_16,24,8,0
536,-489.04248046875,-489.03369140625,-0.0087890625,non_proxy_16,24,8,0
537,-489.04583740234375,-489.03369140625,-0.01214599609375,non_proxy_16,24,8,0
538,-489.04248046875,-489.03369140625,-0.0087890625,non_proxy_16,24,8,0
539,-489.04583740234375,-489.03369140625,-0.01214599609375,non_proxy_16,24,8,0
540,-489.04583740234375,-489.03369140625,-0.01214599609375,non_proxy_16,24,8,0
541,-489.04583740234375,-489.03369140625,-0.01214599609375,non_proxy_16,24,8,0
542,-489.04583740234375,-489.03369140625,-0.01214599609375,non_proxy_16,24,8,0
543,-489.04583740234375,-489.03369140625,-0.01214599609375,non_proxy_16,24,8,0
544,-489.04583740234375,-489.03369140625,-0.01214599609375,non_proxy_16,24,8,0
545,-489.04583740234375,-489.03369140625,-0.01214599609375,non_proxy_16,24,8,0
546,-489.04583740234375,-489.03369140625,-0.01214599609375,non_proxy_16,24,8,0
547,-489.04583740234375,-489.03369140625,-0.01214599609375,non_proxy_16,24,8,0
548,-489.04583740234375,-489.03369140625,-0.01214599609375,non_proxy_16,24,8,0
549,-489.0424499511719,-489.03369140625,-0.008758544921875,non_proxy_16,24,8,0
550,-489.04583740234375,-489.03369140625,-0.01214599609375,non_proxy_16,24,8,0
551,-489.04583740234375,-489.03369140625,-0.01214599609375,non_proxy_16,24,8,0
552,-489.04583740234375,-489.03369140625,-0.01214599609375,non_proxy_16,24,8,0
553,-489.04248046875,-489.03369140625,-0.0087890625,non_proxy_16,24,8,0
554,-489.04583740234375,-489.03369140625,-0.01214599609375,non_proxy_16,24,8,0
555,-489.04583740234375,-489.03369140625,-0.01214599609375,non_proxy_16,24,8,0
556,-489.04583740234375,-489.03369140625,-0.01214599609375,non_proxy_16,24,8,0
557,-489.04583740234375,-489.03369140625,-0.01214599609375,non_proxy_16,24,8,0
558,-489.04583740234375,-489.03369140625,-0.01214599609375,non_proxy_16,24,8,0
559,-489.04583740234375,-489.03369140625,-0.01214599609375,non_proxy_16,24,8,0
560,-489.04583740234375,-489.03369140625,-0.01214599609375,non_proxy_16,24,8,0
561,-489.04583740234375,-489.03369140625,-0.01214599609375,non_proxy_16,24,8,0
562,-489.04583740234375,-489.03369140625,-0.01214599609375,non_proxy_16,24,8,0
563,-489.04248046875,-489.03369140625,-0.0087890625,non_proxy_16,24,8,0
564,-489.04583740234375,-489.03369140625,-0.01214599609375,non_proxy_16,24,8,0
565,-489.04583740234375,-489.03369140625,-0.01214599609375,non_proxy_16,24,8,0
566,-489.04583740234375,-489.03369140625,-0.01214599609375,non_proxy_16,24,8,0
567,-489.04583740234375,-489.03369140625,-0.01214599609375,non_proxy_16,24,8,0
568,-489.04248046875,-489.03369140625,-0.0087890625,non_proxy_16,24,8,0
569,-489.04583740234375,-489.03369140625,-0.01214599609375,non_proxy_16,24,8,0
570,-489.04248046875,-489.03369140625,-0.0087890625,non_proxy_16,24,8,0
571,-489.04583740234375,-489.03369140625,-0.01214599609375,non_proxy_16,24,8,0
572,-489.0424499511719,-489.03369140625,-0.008758544921875,non_proxy_16,24,8,0
573,-489.04583740234375,-489.03369140625,-0.01214599609375,non_proxy_16,24,8,0
574,-489.0424499511719,-489.03369140625,-0.008758544921875,non_proxy_16,24,8,0
575,-489.04248046875,-489.03369140625,-0.0087890625,non_proxy_16,24,8,0
576,-489.04583740234375,-489.03369140625,-0.01214599609375,non_proxy_16,24,8,0
577,-489.04248046875,-489.03369140625,-0.0087890625,non_proxy_16,24,8,0
578,-489.03369140625,-489.03369140625,0.0,non_proxy_16,24,8,0
579,-489.04248046875,-489.03369140625,-0.0087890625,non_proxy_16,24,8,0
580,-489.04583740234375,-489.03369140625,-0.01214599609375,non_proxy_16,24,8,0
581,-489.04583740234375,-489.03369140625,-0.01214599609375,non_proxy_16,24,8,0
582,-489.04248046875,-489.03369140625,-0.0087890625,non_proxy_16,24,8,0
583,-489.04248046875,-489.03369140625,-0.0087890625,non_proxy_16,24,8,0
584,-489.04583740234375,-489.03369140625,-0.01214599609375,non_proxy_16,24,8,0
585,-489.04583740234375,-489.03369140625,-0.01214599609375,non_proxy_16,24,8,0
586,-489.04583740234375,-489.03369140625,-0.01214599609375,non_proxy_16,24,8,0
587,-489.04248046875,-489.03369140625,-0.0087890625,non_proxy_16,24,8,0
588,-489.04583740234375,-489.03369140625,-0.01214599609375,non_proxy_16,24,8,0
589,-489.04248046875,-489.03369140625,-0.0087890625,non_proxy_16,24,8,0
590,-489.04583740234375,-489.03369140625,-0.01214599609375,non_proxy_16,24,8,0
591,-489.04248046875,-489.03369140625,-0.0087890625,non_proxy_16,24,8,0
592,-489.04583740234375,-489.03369140625,-0.01214599609375,non_proxy_16,24,8,0
593,-489.04583740234375,-489.03369140625,-0.01214599609375,non_proxy_16,24,8,0
594,-489.04583740234375,-489.03369140625,-0.01214599609375,non_proxy_16,24,8,0
595,-489.04583740234375,-489.03369140625,-0.01214599609375,non_proxy_16,24,8,0
596,-489.04583740234375,-489.03369140625,-0.01214599609375,non_proxy_16,24,8,0
597,-489.04583740234375,-489.03369140625,-0.01214599609375,non_proxy_16,24,8,0
598,-489.04583740234375,-489.03369140625,-0.01214599609375,non_proxy_16,24,8,0
599,-489.04583740234375,-489.03369140625,-0.01214599609375,non_proxy_16,24,8,0
600,-489.03369140625,-489.03369140625,0.0,non_proxy_16,24,8,0
601,-489.04583740234375,-489.03369140625,-0.01214599609375,non_proxy_16,24,8,0
602,-489.04583740234375,-489.03369140625,-0.01214599609375,non_proxy_16,24,8,0
603,-489.04583740234375,-489.03369140625,-0.01214599609375,non_proxy_16,24,8,0
604,-489.04248046875,-489.03369140625,-0.0087890625,non_proxy_16,24,8,0
605,-489.04583740234375,-489.03369140625,-0.01214599609375,non_proxy_16,24,8,0
606,-489.04583740234375,-489.03369140625,-0.01214599609375,non_proxy_16,24,8,0
607,-489.04248046875,-489.03369140625,-0.0087890625,non_proxy_16,24,8,0
608,-489.04583740234375,-489.03369140625,-0.01214599609375,non_proxy_16,24,8,0
609,-489.04583740234375,-489.03369140625,-0.01214599609375,non_proxy_16,24,8,0
610,-489.04583740234375,-489.03369140625,-0.01214599609375,non_proxy_16,24,8,0
611,-489.04583740234375,-489.03369140625,-0.01214599609375,non_proxy_16,24,8,0
612,-489.0424499511719,-489.03369140625,-0.008758544921875,non_proxy_16,24,8,0
613,-489.04583740234375,-489.03369140625,-0.01214599609375,non_proxy_16,24,8,0
614,-489.04583740234375,-489.03369140625,-0.01214599609375,non_proxy_16,24,8,0
615,-489.04583740234375,-489.03369140625,-0.01214599609375,non_proxy_16,24,8,0
616,-489.04583740234375,-489.03369140625,-0.01214599609375,non_proxy_16,24,8,0
617,-489.04583740234375,-489.03369140625,-0.01214599609375,non_proxy_16,24,8,0
618,-489.04583740234375,-489.03369140625,-0.01214599609375,non_proxy_16,24,8,0
619,-489.04583740234375,-489.03369140625,-0.01214599609375,non_proxy_16,24,8,0
620,-489.04583740234375,-489.03369140625,-0.01214599609375,non_proxy_16,24,8,0
621,-489.04583740234375,-489.03369140625,-0.01214599609375,non_proxy_16,24,8,0
622,-489.04583740234375,-489.03369140625,-0.01214599609375,non_proxy_16,24,8,0
623,-489.04583740234375,-489.03369140625,-0.01214599609375,non_proxy_16,24,8,0
624,-489.04248046875,-489.03369140625,-0.0087890625,non_proxy_16,24,8,0
625,-489.04583740234375,-489.03369140625,-0.01214599609375,non_proxy_16,24,8,0
626,-489.04248046875,-489.03369140625,-0.0087890625,non_proxy_16,24,8,0
627,-489.04583740234375,-489.03369140625,-0.01214599609375,non_proxy_16,24,8,0
628,-489.04583740234375,-489.03369140625,-0.01214599609375,non_proxy_16,24,8,0
629,-489.04583740234375,-489.03369140625,-0.01214599609375,non_proxy_16,24,8,0
630,-489.04583740234375,-489.03369140625,-0.01214599609375,non_proxy_16,24,8,0
631,-489.04583740234375,-489.03369140625,-0.01214599609375,non_proxy_16,24,8,0
632,-489.04583740234375,-489.03369140625,-0.01214599609375,non_proxy_16,24,8,0
633,-489.04583740234375,-489.03369140625,-0.01214599609375,non_proxy_16,24,8,0
634,-489.04248046875,-489.03369140625,-0.0087890625,non_proxy_16,24,8,0
635,-489.04583740234375,-489.03369140625,-0.01214599609375,non_proxy_16,24,8,0
636,-489.04583740234375,-489.03369140625,-0.01214599609375,non_proxy_16,24,8,0
637,-489.04583740234375,-489.03369140625,-0.01214599609375,non_proxy_16,24,8,0
638,-489.04583740234375,-489.03369140625,-0.01214599609375,non_proxy_16,24,8,0
639,-489.04583740234375,-489.03369140625,-0.01214599609375,non_proxy_16,24,8,0
640,-489.04583740234375,-489.03369140625,-0.01214599609375,non_proxy_16,24,8,0
641,-489.04583740234375,-489.03369140625,-0.01214599609375,non_proxy_16,24,8,0
642,-489.04248046875,-489.03369140625,-0.0087890625,non_proxy_16,24,8,0
643,-489.04583740234375,-489.03369140625,-0.01214599609375,non_proxy_16,24,8,0
644,-489.0424499511719,-489.03369140625,-0.008758544921875,non_proxy_16,24,8,0
645,-489.04583740234375,-489.03369140625,-0.01214599609375,non_proxy_16,24,8,0
646,-489.04583740234375,-489.03369140625,-0.01214599609375,non_proxy_16,24,8,0
647,-489.04583740234375,-489.03369140625,-0.01214599609375,non_proxy_16,24,8,0
648,-489.04583740234375,-489.03369140625,-0.01214599609375,non_proxy_16,24,8,0
649,-489.04583740234375,-489.03369140625,-0.01214599609375,non_proxy_16,24,8,0
650,-489.04583740234375,-489.03369140625,-0.01214599609375,non_proxy_16,24,8,0
651,-489.0424499511719,-489.03369140625,-0.008758544921875,non_proxy_16,24,8,0
652,-489.04583740234375,-489.03369140625,-0.01214599609375,non_proxy_16,24,8,0
653,-489.04583740234375,-489.03369140625,-0.01214599609375,non_proxy_16,24,8,0
654,-489.04583740234375,-489.03369140625,-0.01214599609375,non_proxy_16,24,8,0
655,-489.04583740234375,-489.03369140625,-0.01214599609375,non_proxy_16,24,8,0
656,-489.04583740234375,-489.03369140625,-0.01214599609375,non_proxy_16,24,8,0
657,-489.04583740234375,-489.03369140625,-0.01214599609375,non_proxy_16,24,8,0
658,-489.04248046875,-489.03369140625,-0.0087890625,non_proxy_16,24,8,0
659,-489.04248046875,-489.03369140625,-0.0087890625,non_proxy_16,24,8,0
660,-489.04583740234375,-489.03369140625,-0.01214599609375,non_proxy_16,24,8,0
661,-489.04583740234375,-489.03369140625,-0.01214599609375,non_proxy_16,24,8,0
662,-489.04583740234375,-489.03369140625,-0.01214599609375,non_proxy_16,24,8,0
663,-489.04583740234375,-489.03369140625,-0.01214599609375,non_proxy_16,24,8,0
664,-489.0424499511719,-489.03369140625,-0.008758544921875,non_proxy_16,24,8,0
665,-489.04583740234375,-489.03369140625,-0.01214599609375,non_proxy_16,24,8,0
666,-489.0424499511719,-489.03369140625,-0.008758544921875,non_proxy_16,24,8,0
667,-489.04583740234375,-489.03369140625,-0.01214599609375,non_proxy_16,24,8,0
668,-489.04583740234375,-489.03369140625,-0.01214599609375,non_proxy_16,24,8,0
669,-489.04583740234375,-489.03369140625,-0.01214599609375,non_proxy_16,24,8,0
670,-489.04583740234375,-489.03369140625,-0.01214599609375,non_proxy_16,24,8,0
671,-489.04583740234375,-489.03369140625,-0.01214599609375,non_proxy_16,24,8,0
672,-489.04583740234375,-489.03369140625,-0.01214599609375,non_proxy_16,24,8,0
673,-489.04583740234375,-489.03369140625,-0.01214599609375,non_proxy_16,24,8,0
674,-489.04248046875,-489.03369140625,-0.0087890625,non_proxy_16,24,8,0
675,-489.04583740234375,-489.03369140625,-0.01214599609375,non_proxy_16,24,8,0
676,-489.04248046875,-489.03369140625,-0.0087890625,non_proxy_16,24,8,0
677,-489.04583740234375,-489.03369140625,-0.01214599609375,non_proxy_16,24,8,0
678,-489.04583740234375,-489.03369140625,-0.01214599609375,non_proxy_16,24,8,0
679,-489.04583740234375,-489.03369140625,-0.01214599609375,non_proxy_16,24,8,0
680,-489.04583740234375,-489.03369140625,-0.01214599609375,non_proxy_16,24,8,0
681,-489.04583740234375,-489.03369140625,-0.01214599609375,non_proxy_16,24,8,0
682,-489.04248046875,-489.03369140625,-0.0087890625,non_proxy_16,24,8,0
683,-489.04583740234375,-489.03369140625,-0.01214599609375,non_proxy_16,24,8,0
684,-489.04248046875,-489.03369140625,-0.0087890625,non_proxy_16,24,8,0
685,-489.04248046875,-489.03369140625,-0.0087890625,non_proxy_16,24,8,0
686,-489.04248046875,-489.03369140625,-0.0087890625,non_proxy_16,24,8,0
687,-489.04583740234375,-489.03369140625,-0.01214599609375,non_proxy_16,24,8,0
688,-489.04248046875,-489.03369140625,-0.0087890625,non_proxy_16,24,8,0
689,-489.04583740234375,-489.03369140625,-0.01214599609375,non_proxy_16,24,8,0
690,-489.04583740234375,-489.03369140625,-0.01214599609375,non_proxy_16,24,8,0
691,-489.04583740234375,-489.03369140625,-0.01214599609375,non_proxy_16,24,8,0
692,-489.04583740234375,-489.03369140625,-0.01214599609375,non_proxy_16,24,8,0
693,-489.04583740234375,-489.03369140625,-0.01214599609375,non_proxy_16,24,8,0
694,-489.0424499511719,-489.03369140625,-0.008758544921875,non_proxy_16,24,8,0
695,-489.04248046875,-489.03369140625,-0.0087890625,non_proxy_16,24,8,0
696,-489.04583740234375,-489.03369140625,-0.01214599609375,non_proxy_16,24,8,0
697,-489.04583740234375,-489.03369140625,-0.01214599609375,non_proxy_16,24,8,0
698,-489.04583740234375,-489.03369140625,-0.01214599609375,non_proxy_16,24,8,0
699,-489.04583740234375,-489.03369140625,-0.01214599609375,non_proxy_16,24,8,0
700,-489.04583740234375,-489.03369140625,-0.01214599609375,non_proxy_16,24,8,0
701,-489.04583740234375,-489.03369140625,-0.01214599609375,non_proxy_16,24,8,0
702,-489.04583740234375,-489.03369140625,-0.01214599609375,non_proxy_16,24,8,0
703,-489.04583740234375,-489.03369140625,-0.01214599609375,non_proxy_16,24,8,0
704,-489.04583740234375,-489.03369140625,-0.01214599609375,non_proxy_16,24,8,0
705,-489.04583740234375,-489.03369140625,-0.01214599609375,non_proxy_16,24,8,0
706,-489.0424499511719,-489.03369140625,-0.008758544921875,non_proxy_16,24,8,0
707,-489.04583740234375,-489.03369140625,-0.01214599609375,non_proxy_16,24,8,0
708,-489.04583740234375,-489.03369140625,-0.01214599609375,non_proxy_16,24,8,0
709,-489.04583740234375,-489.03369140625,-0.01214599609375,non_proxy_16,24,8,0
710,-489.04583740234375,-489.03369140625,-0.01214599609375,non_proxy_16,24,8,0
711,-489.04248046875,-489.03369140625,-0.0087890625,non_proxy_16,24,8,0
712,-489.04583740234375,-489.03369140625,-0.01214599609375,non_proxy_16,24,8,0
713,-489.04248046875,-489.03369140625,-0.0087890625,non_proxy_16,24,8,0
714,-489.04248046875,-489.03369140625,-0.0087890625,non_proxy_16,24,8,0
715,-489.04583740234375,-489.03369140625,-0.01214599609375,non_proxy_16,24,8,0
716,-489.04248046875,-489.03369140625,-0.0087890625,non_proxy_16,24,8,0
717,-489.04583740234375,-489.03369140625,-0.01214599609375,non_proxy_16,24,8,0
718,-489.04583740234375,-489.03369140625,-0.01214599609375,non_proxy_16,24,8,0
719,-489.04583740234375,-489.03369140625,-0.01214599609375,non_proxy_16,24,8,0
720,-489.04583740234375,-489.03369140625,-0.01214599609375,non_proxy_16,24,8,0
721,-489.04583740234375,-489.03369140625,-0.01214599609375,non_proxy_16,24,8,0
722,-489.04583740234375,-489.03369140625,-0.01214599609375,non_proxy_16,24,8,0
723,-489.04583740234375,-489.03369140625,-0.01214599609375,non_proxy_16,24,8,0
724,-489.04248046875,-489.03369140625,-0.0087890625,non_proxy_16,24,8,0
725,-489.03369140625,-489.03369140625,0.0,non_proxy_16,24,8,0
726,-489.04583740234375,-489.03369140625,-0.01214599609375,non_proxy_16,24,8,0
727,-489.04583740234375,-489.03369140625,-0.01214599609375,non_proxy_16,24,8,0
728,-489.04248046875,-489.03369140625,-0.0087890625,non_proxy_16,24,8,0
729,-489.04583740234375,-489.03369140625,-0.01214599609375,non_proxy_16,24,8,0
730,-489.04583740234375,-489.03369140625,-0.01214599609375,non_proxy_16,24,8,0
731,-489.04583740234375,-489.03369140625,-0.01214599609375,non_proxy_16,24,8,0
732,-489.04583740234375,-489.03369140625,-0.01214599609375,non_proxy_16,24,8,0
733,-489.04583740234375,-489.03369140625,-0.01214599609375,non_proxy_16,24,8,0
734,-489.04248046875,-489.03369140625,-0.0087890625,non_proxy_16,24,8,0
735,-489.04583740234375,-489.03369140625,-0.01214599609375,non_proxy_16,24,8,0
736,-489.04583740234375,-489.03369140625,-0.01214599609375,non_proxy_16,24,8,0
737,-489.04583740234375,-489.03369140625,-0.01214599609375,non_proxy_16,24,8,0
738,-489.04583740234375,-489.03369140625,-0.01214599609375,non_proxy_16,24,8,0
739,-489.04583740234375,-489.03369140625,-0.01214599609375,non_proxy_16,24,8,0
740,-489.04583740234375,-489.03369140625,-0.01214599609375,non_proxy_16,24,8,0
741,-489.04248046875,-489.03369140625,-0.0087890625,non_proxy_16,24,8,0
742,-489.04583740234375,-489.03369140625,-0.01214599609375,non_proxy_16,24,8,0
743,-489.04248046875,-489.03369140625,-0.0087890625,non_proxy_16,24,8,0
744,-489.04583740234375,-489.03369140625,-0.01214599609375,non_proxy_16,24,8,0
745,-489.04583740234375,-489.03369140625,-0.01214599609375,non_proxy_16,24,8,0
746,-489.04583740234375,-489.03369140625,-0.01214599609375,non_proxy_16,24,8,0
747,-489.04248046875,-489.03369140625,-0.0087890625,non_proxy_16,24,8,0
748,-489.04583740234375,-489.03369140625,-0.01214599609375,non_proxy_16,24,8,0
749,-489.04583740234375,-489.03369140625,-0.01214599609375,non_proxy_16,24,8,0
750,-489.04248046875,-489.03369140625,-0.0087890625,non_proxy_16,24,8,0
751,-489.04583740234375,-489.03369140625,-0.01214599609375,non_proxy_16,24,8,0
752,-489.04583740234375,-489.03369140625,-0.01214599609375,non_proxy_16,24,8,0
753,-489.04583740234375,-489.03369140625,-0.01214599609375,non_proxy_16,24,8,0
754,-489.04583740234375,-489.03369140625,-0.01214599609375,non_proxy_16,24,8,0
755,-489.04583740234375,-489.03369140625,-0.01214599609375,non_proxy_16,24,8,0
756,-489.04248046875,-489.03369140625,-0.0087890625,non_proxy_16,24,8,0
757,-489.04583740234375,-489.03369140625,-0.01214599609375,non_proxy_16,24,8,0
758,-489.04583740234375,-489.03369140625,-0.01214599609375,non_proxy_16,24,8,0
759,-489.04583740234375,-489.03369140625,-0.01214599609375,non_proxy_16,24,8,0
760,-489.04583740234375,-489.03369140625,-0.01214599609375,non_proxy_16,24,8,0
761,-489.04583740234375,-489.03369140625,-0.01214599609375,non_proxy_16,24,8,0
762,-489.04583740234375,-489.03369140625,-0.01214599609375,non_proxy_16,24,8,0
763,-489.04583740234375,-489.03369140625,-0.01214599609375,non_proxy_16,24,8,0
764,-489.04583740234375,-489.03369140625,-0.01214599609375,non_proxy_16,24,8,0
765,-489.04583740234375,-489.03369140625,-0.01214599609375,non_proxy_16,24,8,0
766,-489.04583740234375,-489.03369140625,-0.01214599609375,non_proxy_16,24,8,0
767,-489.04583740234375,-489.03369140625,-0.01214599609375,non_proxy_16,24,8,0
768,-489.04583740234375,-489.03369140625,-0.01214599609375,non_proxy_16,24,8,0
769,-489.04583740234375,-489.03369140625,-0.01214599609375,non_proxy_16,24,8,0
770,-489.04583740234375,-489.03369140625,-0.01214599609375,non_proxy_16,24,8,0
771,-489.04248046875,-489.03369140625,-0.0087890625,non_proxy_16,24,8,0
772,-489.04583740234375,-489.03369140625,-0.01214599609375,non_proxy_16,24,8,0
773,-489.04583740234375,-489.03369140625,-0.01214599609375,non_proxy_16,24,8,0
774,-489.04583740234375,-489.03369140625,-0.01214599609375,non_proxy_16,24,8,0
775,-489.04583740234375,-489.03369140625,-0.01214599609375,non_proxy_16,24,8,0
776,-489.04583740234375,-489.03369140625,-0.01214599609375,non_proxy_16,24,8,0
777,-489.04583740234375,-489.03369140625,-0.01214599609375,non_proxy_16,24,8,0
778,-489.04583740234375,-489.03369140625,-0.01214599609375,non_proxy_16,24,8,0
779,-489.04583740234375,-489.03369140625,-0.01214599609375,non_proxy_16,24,8,0
780,-489.04583740234375,-489.03369140625,-0.01214599609375,non_proxy_16,24,8,0
781,-489.04583740234375,-489.03369140625,-0.01214599609375,non_proxy_16,24,8,0
782,-489.04583740234375,-489.03369140625,-0.01214599609375,non_proxy_16,24,8,0
783,-489.04248046875,-489.03369140625,-0.0087890625,non_proxy_16,24,8,0
784,-489.04583740234375,-489.03369140625,-0.01214599609375,non_proxy_16,24,8,0
785,-489.04248046875,-489.03369140625,-0.0087890625,non_proxy_16,24,8,0
786,-489.04583740234375,-489.03369140625,-0.01214599609375,non_proxy_16,24,8,0
787,-489.04583740234375,-489.03369140625,-0.01214599609375,non_proxy_16,24,8,0
788,-489.04583740234375,-489.03369140625,-0.01214599609375,non_proxy_16,24,8,0
789,-489.04248046875,-489.03369140625,-0.0087890625,non_proxy_16,24,8,0
790,-489.0424499511719,-489.03369140625,-0.008758544921875,non_proxy_16,24,8,0
791,-489.04248046875,-489.03369140625,-0.0087890625,non_proxy_16,24,8,0
792,-489.04583740234375,-489.03369140625,-0.01214599609375,non_proxy_16,24,8,0
793,-489.04583740234375,-489.03369140625,-0.01214599609375,non_proxy_16,24,8,0
794,-489.04583740234375,-489.03369140625,-0.01214599609375,non_proxy_16,24,8,0
795,-489.04583740234375,-489.03369140625,-0.01214599609375,non_proxy_16,24,8,0
796,-489.04583740234375,-489.03369140625,-0.01214599609375,non_proxy_16,24,8,0
797,-489.04583740234375,-489.03369140625,-0.01214599609375,non_proxy_16,24,8,0
798,-489.04583740234375,-489.03369140625,-0.01214599609375,non_proxy_16,24,8,0
799,-489.04583740234375,-489.03369140625,-0.01214599609375,non_proxy_16,24,8,0
800,-489.04583740234375,-489.03369140625,-0.01214599609375,non_proxy_16,24,8,0
801,-489.04583740234375,-489.03369140625,-0.01214599609375,non_proxy_16,24,8,0
802,-489.04248046875,-489.03369140625,-0.0087890625,non_proxy_16,24,8,0
803,-489.04248046875,-489.03369140625,-0.0087890625,non_proxy_16,24,8,0
804,-489.04583740234375,-489.03369140625,-0.01214599609375,non_proxy_16,24,8,0
805,-489.04583740234375,-489.03369140625,-0.01214599609375,non_proxy_16,24,8,0
806,-489.04248046875,-489.03369140625,-0.0087890625,non_proxy_16,24,8,0
807,-489.04583740234375,-489.03369140625,-0.01214599609375,non_proxy_16,24,8,0
808,-489.04583740234375,-489.03369140625,-0.01214599609375,non_proxy_16,24,8,0
809,-489.04583740234375,-489.03369140625,-0.01214599609375,non_proxy_16,24,8,0
810,-489.04248046875,-489.03369140625,-0.0087890625,non_proxy_16,24,8,0
811,-489.04583740234375,-489.03369140625,-0.01214599609375,non_proxy_16,24,8,0
812,-489.04248046875,-489.03369140625,-0.0087890625,non_proxy_16,24,8,0
813,-489.04583740234375,-489.03369140625,-0.01214599609375,non_proxy_16,24,8,0
814,-489.04248046875,-489.03369140625,-0.0087890625,non_proxy_16,24,8,0
815,-489.04583740234375,-489.03369140625,-0.01214599609375,non_proxy_16,24,8,0
816,-489.04583740234375,-489.03369140625,-0.01214599609375,non_proxy_16,24,8,0
817,-489.04583740234375,-489.03369140625,-0.01214599609375,non_proxy_16,24,8,0
818,-489.04248046875,-489.03369140625,-0.0087890625,non_proxy_16,24,8,0
819,-489.04248046875,-489.03369140625,-0.0087890625,non_proxy_16,24,8,0
820,-489.04583740234375,-489.03369140625,-0.01214599609375,non_proxy_16,24,8,0
821,-489.04583740234375,-489.03369140625,-0.01214599609375,non_proxy_16,24,8,0
822,-489.04248046875,-489.03369140625,-0.0087890625,non_proxy_16,24,8,0
823,-489.04583740234375,-489.03369140625,-0.01214599609375,non_proxy_16,24,8,0
824,-489.04248046875,-489.03369140625,-0.0087890625,non_proxy_16,24,8,0
825,-489.04248046875,-489.03369140625,-0.0087890625,non_proxy_16,24,8,0
826,-489.04583740234375,-489.03369140625,-0.01214599609375,non_proxy_16,24,8,0
827,-489.04583740234375,-489.03369140625,-0.01214599609375,non_proxy_16,24,8,0
828,-489.04583740234375,-489.03369140625,-0.01214599609375,non_proxy_16,24,8,0
829,-489.04583740234375,-489.03369140625,-0.01214599609375,non_proxy_16,24,8,0
830,-489.04583740234375,-489.03369140625,-0.01214599609375,non_proxy_16,24,8,0
831,-489.04248046875,-489.03369140625,-0.0087890625,non_proxy_16,24,8,0
832,-489.04583740234375,-489.03369140625,-0.01214599609375,non_proxy_16,24,8,0
833,-489.04583740234375,-489.03369140625,-0.01214599609375,non_proxy_16,24,8,0
834,-489.04583740234375,-489.03369140625,-0.01214599609375,non_proxy_16,24,8,0
835,-489.04583740234375,-489.03369140625,-0.01214599609375,non_proxy_16,24,8,0
836,-489.04583740234375,-489.03369140625,-0.01214599609375,non_proxy_16,24,8,0
837,-489.04248046875,-489.03369140625,-0.0087890625,non_proxy_16,24,8,0
838,-489.04583740234375,-489.03369140625,-0.01214599609375,non_proxy_16,24,8,0
839,-489.04583740234375,-489.03369140625,-0.01214599609375,non_proxy_16,24,8,0
840,-489.04583740234375,-489.03369140625,-0.01214599609375,non_proxy_16,24,8,0
841,-489.04583740234375,-489.03369140625,-0.01214599609375,non_proxy_16,24,8,0
842,-489.04248046875,-489.03369140625,-0.0087890625,non_proxy_16,24,8,0
843,-489.04583740234375,-489.03369140625,-0.01214599609375,non_proxy_16,24,8,0
844,-489.04583740234375,-489.03369140625,-0.01214599609375,non_proxy_16,24,8,0
845,-489.04248046875,-489.03369140625,-0.0087890625,non_proxy_16,24,8,0
846,-489.04583740234375,-489.03369140625,-0.01214599609375,non_proxy_16,24,8,0
847,-489.04248046875,-489.03369140625,-0.0087890625,non_proxy_16,24,8,0
848,-489.04583740234375,-489.03369140625,-0.01214599609375,non_proxy_16,24,8,0
849,-489.04583740234375,-489.03369140625,-0.01214599609375,non_proxy_16,24,8,0
850,-489.04583740234375,-489.03369140625,-0.01214599609375,non_proxy_16,24,8,0
851,-489.04583740234375,-489.03369140625,-0.01214599609375,non_proxy_16,24,8,0
852,-489.04248046875,-489.03369140625,-0.0087890625,non_proxy_16,24,8,0
853,-489.04583740234375,-489.03369140625,-0.01214599609375,non_proxy_16,24,8,0
854,-489.04583740234375,-489.03369140625,-0.01214599609375,non_proxy_16,24,8,0
855,-489.04248046875,-489.03369140625,-0.0087890625,non_proxy_16,24,8,0
856,-489.04583740234375,-489.03369140625,-0.01214599609375,non_proxy_16,24,8,0
857,-489.04583740234375,-489.03369140625,-0.01214599609375,non_proxy_16,24,8,0
858,-489.04583740234375,-489.03369140625,-0.01214599609375,non_proxy_16,24,8,0
859,-489.04583740234375,-489.03369140625,-0.01214599609375,non_proxy_16,24,8,0
860,-489.04583740234375,-489.03369140625,-0.01214599609375,non_proxy_16,24,8,0
861,-489.04583740234375,-489.03369140625,-0.01214599609375,non_proxy_16,24,8,0
862,-489.04248046875,-489.03369140625,-0.0087890625,non_proxy_16,24,8,0
863,-489.04248046875,-489.03369140625,-0.0087890625,non_proxy_16,24,8,0
864,-489.04583740234375,-489.03369140625,-0.01214599609375,non_proxy_16,24,8,0
865,-489.04583740234375,-489.03369140625,-0.01214599609375,non_proxy_16,24,8,0
866,-489.04583740234375,-489.03369140625,-0.01214599609375,non_proxy_16,24,8,0
867,-489.04583740234375,-489.03369140625,-0.01214599609375,non_proxy_16,24,8,0
868,-489.04583740234375,-489.03369140625,-0.01214599609375,non_proxy_16,24,8,0
869,-489.04583740234375,-489.03369140625,-0.01214599609375,non_proxy_16,24,8,0
870,-489.04583740234375,-489.03369140625,-0.01214599609375,non_proxy_16,24,8,0
871,-489.04583740234375,-489.03369140625,-0.01214599609375,non_proxy_16,24,8,0
872,-489.04248046875,-489.03369140625,-0.0087890625,non_proxy_16,24,8,0
873,-489.04248046875,-489.03369140625,-0.0087890625,non_proxy_16,24,8,0
874,-489.04248046875,-489.03369140625,-0.0087890625,non_proxy_16,24,8,0
875,-489.04583740234375,-489.03369140625,-0.01214599609375,non_proxy_16,24,8,0
876,-489.04583740234375,-489.03369140625,-0.01214599609375,non_proxy_16,24,8,0
877,-489.04583740234375,-489.03369140625,-0.01214599609375,non_proxy_16,24,8,0
878,-489.04248046875,-489.03369140625,-0.0087890625,non_proxy_16,24,8,0
879,-489.04583740234375,-489.03369140625,-0.01214599609375,non_proxy_16,24,8,0
880,-489.04583740234375,-489.03369140625,-0.01214599609375,non_proxy_16,24,8,0
881,-489.04583740234375,-489.03369140625,-0.01214599609375,non_proxy_16,24,8,0
882,-489.04248046875,-489.03369140625,-0.0087890625,non_proxy_16,24,8,0
883,-489.04583740234375,-489.03369140625,-0.01214599609375,non_proxy_16,24,8,0
884,-489.04583740234375,-489.03369140625,-0.01214599609375,non_proxy_16,24,8,0
885,-489.04583740234375,-489.03369140625,-0.01214599609375,non_proxy_16,24,8,0
886,-489.04248046875,-489.03369140625,-0.0087890625,non_proxy_16,24,8,0
887,-489.04583740234375,-489.03369140625,-0.01214599609375,non_proxy_16,24,8,0
888,-489.04583740234375,-489.03369140625,-0.01214599609375,non_proxy_16,24,8,0
889,-489.04583740234375,-489.03369140625,-0.01214599609375,non_proxy_16,24,8,0
890,-489.04248046875,-489.03369140625,-0.0087890625,non_proxy_16,24,8,0
891,-489.04583740234375,-489.03369140625,-0.01214599609375,non_proxy_16,24,8,0
892,-489.04248046875,-489.03369140625,-0.0087890625,non_proxy_16,24,8,0
893,-489.04583740234375,-489.03369140625,-0.01214599609375,non_proxy_16,24,8,0
894,-489.04583740234375,-489.03369140625,-0.01214599609375,non_proxy_16,24,8,0
895,-489.04248046875,-489.03369140625,-0.0087890625,non_proxy_16,24,8,0
896,-489.04248046875,-489.03369140625,-0.0087890625,non_proxy_16,24,8,0
897,-489.04583740234375,-489.03369140625,-0.01214599609375,non_proxy_16,24,8,0
898,-489.04248046875,-489.03369140625,-0.0087890625,non_proxy_16,24,8,0
899,-489.04583740234375,-489.03369140625,-0.01214599609375,non_proxy_16,24,8,0
900,-489.04583740234375,-489.03369140625,-0.01214599609375,non_proxy_16,24,8,0
901,-489.04583740234375,-489.03369140625,-0.01214599609375,non_proxy_16,24,8,0
902,-489.04583740234375,-489.03369140625,-0.01214599609375,non_proxy_16,24,8,0
903,-489.04583740234375,-489.03369140625,-0.01214599609375,non_proxy_16,24,8,0
904,-489.04583740234375,-489.03369140625,-0.01214599609375,non_proxy_16,24,8,0
905,-489.04583740234375,-489.03369140625,-0.01214599609375,non_proxy_16,24,8,0
906,-489.04583740234375,-489.03369140625,-0.01214599609375,non_proxy_16,24,8,0
907,-489.04583740234375,-489.03369140625,-0.01214599609375,non_proxy_16,24,8,0
908,-489.04583740234375,-489.03369140625,-0.01214599609375,non_proxy_16,24,8,0
909,-489.04583740234375,-489.03369140625,-0.01214599609375,non_proxy_16,24,8,0
910,-489.04248046875,-489.03369140625,-0.0087890625,non_proxy_16,24,8,0
911,-489.04583740234375,-489.03369140625,-0.01214599609375,non_proxy_16,24,8,0
912,-489.04583740234375,-489.03369140625,-0.01214599609375,non_proxy_16,24,8,0
913,-489.04583740234375,-489.03369140625,-0.01214599609375,non_proxy_16,24,8,0
914,-489.04583740234375,-489.03369140625,-0.01214599609375,non_proxy_16,24,8,0
915,-489.04248046875,-489.03369140625,-0.0087890625,non_proxy_16,24,8,0
916,-489.04583740234375,-489.03369140625,-0.01214599609375,non_proxy_16,24,8,0
917,-489.04248046875,-489.03369140625,-0.0087890625,non_proxy_16,24,8,0
918,-489.04248046875,-489.03369140625,-0.0087890625,non_proxy_16,24,8,0
919,-489.04583740234375,-489.03369140625,-0.01214599609375,non_proxy_16,24,8,0
920,-489.04248046875,-489.03369140625,-0.0087890625,non_proxy_16,24,8,0
921,-489.04583740234375,-489.03369140625,-0.01214599609375,non_proxy_16,24,8,0
922,-489.04248046875,-489.03369140625,-0.0087890625,non_proxy_16,24,8,0
923,-489.04583740234375,-489.03369140625,-0.01214599609375,non_proxy_16,24,8,0
924,-489.04248046875,-489.03369140625,-0.0087890625,non_proxy_16,24,8,0
925,-489.04583740234375,-489.03369140625,-0.01214599609375,non_proxy_16,24,8,0
926,-489.04583740234375,-489.03369140625,-0.01214599609375,non_proxy_16,24,8,0
927,-489.04248046875,-489.03369140625,-0.0087890625,non_proxy_16,24,8,0
928,-489.04583740234375,-489.03369140625,-0.01214599609375,non_proxy_16,24,8,0
929,-489.04583740234375,-489.03369140625,-0.01214599609375,non_proxy_16,24,8,0
930,-489.04583740234375,-489.03369140625,-0.01214599609375,non_proxy_16,24,8,0
931,-489.04248046875,-489.03369140625,-0.0087890625,non_proxy_16,24,8,0
932,-489.04583740234375,-489.03369140625,-0.01214599609375,non_proxy_16,24,8,0
933,-489.04583740234375,-489.03369140625,-0.01214599609375,non_proxy_16,24,8,0
934,-489.04583740234375,-489.03369140625,-0.01214599609375,non_proxy_16,24,8,0
935,-489.04583740234375,-489.03369140625,-0.01214599609375,non_proxy_16,24,8,0
936,-489.04583740234375,-489.03369140625,-0.01214599609375,non_proxy_16,24,8,0
937,-489.04583740234375,-489.03369140625,-0.01214599609375,non_proxy_16,24,8,0
938,-489.04583740234375,-489.03369140625,-0.01214599609375,non_proxy_16,24,8,0
939,-489.04248046875,-489.03369140625,-0.0087890625,non_proxy_16,24,8,0
940,-489.04583740234375,-489.03369140625,-0.01214599609375,non_proxy_16,24,8,0
941,-489.0424499511719,-489.03369140625,-0.008758544921875,non_proxy_16,24,8,0
942,-489.04583740234375,-489.03369140625,-0.01214599609375,non_proxy_16,24,8,0
943,-489.04583740234375,-489.03369140625,-0.01214599609375,non_proxy_16,24,8,0
944,-489.04583740234375,-489.03369140625,-0.01214599609375,non_proxy_16,24,8,0
945,-489.04583740234375,-489.03369140625,-0.01214599609375,non_proxy_16,24,8,0
946,-489.04583740234375,-489.03369140625,-0.01214599609375,non_proxy_16,24,8,0
947,-489.04583740234375,-489.03369140625,-0.01214599609375,non_proxy_16,24,8,0
948,-489.04583740234375,-489.03369140625,-0.01214599609375,non_proxy_16,24,8,0
949,-489.04583740234375,-489.03369140625,-0.01214599609375,non_proxy_16,24,8,0
950,-489.04583740234375,-489.03369140625,-0.01214599609375,non_proxy_16,24,8,0
951,-489.04583740234375,-489.03369140625,-0.01214599609375,non_proxy_16,24,8,0
952,-489.04583740234375,-489.03369140625,-0.01214599609375,non_proxy_16,24,8,0
953,-489.04583740234375,-489.03369140625,-0.01214599609375,non_proxy_16,24,8,0
954,-489.04583740234375,-489.03369140625,-0.01214599609375,non_proxy_16,24,8,0
955,-489.04583740234375,-489.03369140625,-0.01214599609375,non_proxy_16,24,8,0
956,-489.04248046875,-489.03369140625,-0.0087890625,non_proxy_16,24,8,0
957,-489.04583740234375,-489.03369140625,-0.01214599609375,non_proxy_16,24,8,0
958,-489.04583740234375,-489.03369140625,-0.01214599609375,non_proxy_16,24,8,0
959,-489.04583740234375,-489.03369140625,-0.01214599609375,non_proxy_16,24,8,0
960,-489.04583740234375,-489.03369140625,-0.01214599609375,non_proxy_16,24,8,0
961,-489.04248046875,-489.03369140625,-0.0087890625,non_proxy_16,24,8,0
962,-489.04248046875,-489.03369140625,-0.0087890625,non_proxy_16,24,8,0
963,-489.04248046875,-489.03369140625,-0.0087890625,non_proxy_16,24,8,0
964,-489.04583740234375,-489.03369140625,-0.01214599609375,non_proxy_16,24,8,0
965,-489.04583740234375,-489.03369140625,-0.01214599609375,non_proxy_16,24,8,0
966,-489.04583740234375,-489.03369140625,-0.01214599609375,non_proxy_16,24,8,0
967,-489.04583740234375,-489.03369140625,-0.01214599609375,non_proxy_16,24,8,0
968,-489.04248046875,-489.03369140625,-0.0087890625,non_proxy_16,24,8,0
969,-489.04583740234375,-489.03369140625,-0.01214599609375,non_proxy_16,24,8,0
970,-489.04583740234375,-489.03369140625,-0.01214599609375,non_proxy_16,24,8,0
971,-489.04248046875,-489.03369140625,-0.0087890625,non_proxy_16,24,8,0
972,-489.04583740234375,-489.03369140625,-0.01214599609375,non_proxy_16,24,8,0
973,-489.04248046875,-489.03369140625,-0.0087890625,non_proxy_16,24,8,0
974,-489.04583740234375,-489.03369140625,-0.01214599609375,non_proxy_16,24,8,0
975,-489.04248046875,-489.03369140625,-0.0087890625,non_proxy_16,24,8,0
976,-489.04583740234375,-489.03369140625,-0.01214599609375,non_proxy_16,24,8,0
977,-489.04583740234375,-489.03369140625,-0.01214599609375,non_proxy_16,24,8,0
978,-489.04583740234375,-489.03369140625,-0.01214599609375,non_proxy_16,24,8,0
979,-489.0424499511719,-489.03369140625,-0.008758544921875,non_proxy_16,24,8,0
980,-489.04583740234375,-489.03369140625,-0.01214599609375,non_proxy_16,24,8,0
981,-489.04583740234375,-489.03369140625,-0.01214599609375,non_proxy_16,24,8,0
982,-489.04583740234375,-489.03369140625,-0.01214599609375,non_proxy_16,24,8,0
983,-489.04583740234375,-489.03369140625,-0.01214599609375,non_proxy_16,24,8,0
984,-489.04583740234375,-489.03369140625,-0.01214599609375,non_proxy_16,24,8,0
985,-489.04583740234375,-489.03369140625,-0.01214599609375,non_proxy_16,24,8,0
986,-489.04583740234375,-489.03369140625,-0.01214599609375,non_proxy_16,24,8,0
987,-489.04583740234375,-489.03369140625,-0.01214599609375,non_proxy_16,24,8,0
988,-489.04248046875,-489.03369140625,-0.0087890625,non_proxy_16,24,8,0
989,-489.04583740234375,-489.03369140625,-0.01214599609375,non_proxy_16,24,8,0
990,-489.04583740234375,-489.03369140625,-0.01214599609375,non_proxy_16,24,8,0
991,-489.04583740234375,-489.03369140625,-0.01214599609375,non_proxy_16,24,8,0
992,-489.04583740234375,-489.03369140625,-0.01214599609375,non_proxy_16,24,8,0
993,-489.04583740234375,-489.03369140625,-0.01214599609375,non_proxy_16,24,8,0
994,-489.04583740234375,-489.03369140625,-0.01214599609375,non_proxy_16,24,8,0
995,-489.04583740234375,-489.03369140625,-0.01214599609375,non_proxy_16,24,8,0
996,-489.04583740234375,-489.03369140625,-0.01214599609375,non_proxy_16,24,8,0
997,-489.04583740234375,-489.03369140625,-0.01214599609375,non_proxy_16,24,8,0
998,-489.04583740234375,-489.03369140625,-0.01214599609375,non_proxy_16,24,8,0
999,-489.04583740234375,-489.03369140625,-0.01214599609375,non_proxy_16,24,8,0
1000,-489.04248046875,-489.03369140625,-0.0087890625,non_proxy_16,24,8,0
1001,-489.04583740234375,-489.03369140625,-0.01214599609375,non_proxy_16,24,8,0
1002,-489.04583740234375,-489.03369140625,-0.01214599609375,non_proxy_16,24,8,0
1003,-489.04583740234375,-489.03369140625,-0.01214599609375,non_proxy_16,24,8,0
1004,-489.0424499511719,-489.03369140625,-0.008758544921875,non_proxy_16,24,8,0
1005,-489.04248046875,-489.03369140625,-0.0087890625,non_proxy_16,24,8,0
1006,-489.04583740234375,-489.03369140625,-0.01214599609375,non_proxy_16,24,8,0
1007,-489.04248046875,-489.03369140625,-0.0087890625,non_proxy_16,24,8,0
1008,-489.04583740234375,-489.03369140625,-0.01214599609375,non_proxy_16,24,8,0
1009,-489.04248046875,-489.03369140625,-0.0087890625,non_proxy_16,24,8,0
1010,-489.04248046875,-489.03369140625,-0.0087890625,non_proxy_16,24,8,0
1011,-489.04583740234375,-489.03369140625,-0.01214599609375,non_proxy_16,24,8,0
1012,-489.04583740234375,-489.03369140625,-0.01214599609375,non_proxy_16,24,8,0
1013,-489.04583740234375,-489.03369140625,-0.01214599609375,non_proxy_16,24,8,0
1014,-489.04583740234375,-489.03369140625,-0.01214599609375,non_proxy_16,24,8,0
1015,-489.04248046875,-489.03369140625,-0.0087890625,non_proxy_16,24,8,0
1016,-489.04583740234375,-489.03369140625,-0.01214599609375,non_proxy_16,24,8,0
1017,-489.04583740234375,-489.03369140625,-0.01214599609375,non_proxy_16,24,8,0
1018,-489.04248046875,-489.03369140625,-0.0087890625,non_proxy_16,24,8,0
1019,-489.04583740234375,-489.03369140625,-0.01214599609375,non_proxy_16,24,8,0
1020,-489.04583740234375,-489.03369140625,-0.01214599609375,non_proxy_16,24,8,0
1021,-489.04248046875,-489.03369140625,-0.0087890625,non_proxy_16,24,8,0
1022,-489.04583740234375,-489.03369140625,-0.01214599609375,non_proxy_16,24,8,0
1023,-489.04583740234375,-489.03369140625,-0.01214599609375,non_proxy_16,24,8,0
1024,-489.04583740234375,-489.03369140625,-0.01214599609375,non_proxy_16,24,8,0
1025,-489.04583740234375,-489.03369140625,-0.01214599609375,non_proxy_16,24,8,0
1026,-489.0424499511719,-489.03369140625,-0.008758544921875,non_proxy_16,24,8,0
1027,-489.04583740234375,-489.03369140625,-0.01214599609375,non_proxy_16,24,8,0
1028,-489.04583740234375,-489.03369140625,-0.01214599609375,non_proxy_16,24,8,0
1029,-489.04583740234375,-489.03369140625,-0.01214599609375,non_proxy_16,24,8,0
1030,-489.04583740234375,-489.03369140625,-0.01214599609375,non_proxy_16,24,8,0
1031,-489.04248046875,-489.03369140625,-0.0087890625,non_proxy_16,24,8,0
1032,-489.04583740234375,-489.03369140625,-0.01214599609375,non_proxy_16,24,8,0
1033,-489.04248046875,-489.03369140625,-0.0087890625,non_proxy_16,24,8,0
1034,-489.04583740234375,-489.03369140625,-0.01214599609375,non_proxy_16,24,8,0
1035,-489.0424499511719,-489.03369140625,-0.008758544921875,non_proxy_16,24,8,0
1036,-489.04248046875,-489.03369140625,-0.0087890625,non_proxy_16,24,8,0
1037,-489.04583740234375,-489.03369140625,-0.01214599609375,non_proxy_16,24,8,0
1038,-489.04248046875,-489.03369140625,-0.0087890625,non_proxy_16,24,8,0
1039,-489.04583740234375,-489.03369140625,-0.01214599609375,non_proxy_16,24,8,0
1040,-489.04583740234375,-489.03369140625,-0.01214599609375,non_proxy_16,24,8,0
1041,-489.04583740234375,-489.03369140625,-0.01214599609375,non_proxy_16,24,8,0
1042,-489.04248046875,-489.03369140625,-0.0087890625,non_proxy_16,24,8,0
1043,-489.04583740234375,-489.03369140625,-0.01214599609375,non_proxy_16,24,8,0
1044,-489.0424499511719,-489.03369140625,-0.008758544921875,non_proxy_16,24,8,0
1045,-489.04583740234375,-489.03369140625,-0.01214599609375,non_proxy_16,24,8,0
1046,-489.04248046875,-489.03369140625,-0.0087890625,non_proxy_16,24,8,0
1047,-489.04583740234375,-489.03369140625,-0.01214599609375,non_proxy_16,24,8,0
1048,-489.04583740234375,-489.03369140625,-0.01214599609375,non_proxy_16,24,8,0
1049,-489.04583740234375,-489.03369140625,-0.01214599609375,non_proxy_16,24,8,0
1050,-489.04583740234375,-489.03369140625,-0.01214599609375,non_proxy_16,24,8,0
1051,-489.04583740234375,-489.03369140625,-0.01214599609375,non_proxy_16,24,8,0
1052,-489.04583740234375,-489.03369140625,-0.01214599609375,non_proxy_16,24,8,0
1053,-489.04583740234375,-489.03369140625,-0.01214599609375,non_proxy_16,24,8,0
1054,-489.04583740234375,-489.03369140625,-0.01214599609375,non_proxy_16,24,8,0
1055,-489.04583740234375,-489.03369140625,-0.01214599609375,non_proxy_16,24,8,0
1056,-489.04583740234375,-489.03369140625,-0.01214599609375,non_proxy_16,24,8,0
1057,-489.04583740234375,-489.03369140625,-0.01214599609375,non_proxy_16,24,8,0
1058,-489.04583740234375,-489.03369140625,-0.01214599609375,non_proxy_16,24,8,0
1059,-489.04583740234375,-489.03369140625,-0.01214599609375,non_proxy_16,24,8,0
1060,-489.04583740234375,-489.03369140625,-0.01214599609375,non_proxy_16,24,8,0
1061,-489.04583740234375,-489.03369140625,-0.01214599609375,non_proxy_16,24,8,0
1062,-489.04583740234375,-489.03369140625,-0.01214599609375,non_proxy_16,24,8,0
1063,-489.04583740234375,-489.03369140625,-0.01214599609375,non_proxy_16,24,8,0
1064,-489.04583740234375,-489.03369140625,-0.01214599609375,non_proxy_16,24,8,0
1065,-489.04583740234375,-489.03369140625,-0.01214599609375,non_proxy_16,24,8,0
1066,-489.04583740234375,-489.03369140625,-0.01214599609375,non_proxy_16,24,8,0
1067,-489.04583740234375,-489.03369140625,-0.01214599609375,non_proxy_16,24,8,0
1068,-489.04583740234375,-489.03369140625,-0.01214599609375,non_proxy_16,24,8,0
1069,-489.04248046875,-489.03369140625,-0.0087890625,non_proxy_16,24,8,0
1070,-489.04583740234375,-489.03369140625,-0.01214599609375,non_proxy_16,24,8,0
1071,-489.04248046875,-489.03369140625,-0.0087890625,non_proxy_16,24,8,0
1072,-489.04583740234375,-489.03369140625,-0.01214599609375,non_proxy_16,24,8,0
1073,-489.04248046875,-489.03369140625,-0.0087890625,non_proxy_16,24,8,0
1074,-489.04583740234375,-489.03369140625,-0.01214599609375,non_proxy_16,24,8,0
1075,-489.04583740234375,-489.03369140625,-0.01214599609375,non_proxy_16,24,8,0
1076,-489.04583740234375,-489.03369140625,-0.01214599609375,non_proxy_16,24,8,0
1077,-489.04583740234375,-489.03369140625,-0.01214599609375,non_proxy_16,24,8,0
1078,-489.04583740234375,-489.03369140625,-0.01214599609375,non_proxy_16,24,8,0
1079,-489.04583740234375,-489.03369140625,-0.01214599609375,non_proxy_16,24,8,0
1080,-489.04583740234375,-489.03369140625,-0.01214599609375,non_proxy_16,24,8,0
1081,-489.04583740234375,-489.03369140625,-0.01214599609375,non_proxy_16,24,8,0
1082,-489.04248046875,-489.03369140625,-0.0087890625,non_proxy_16,24,8,0
1083,-489.04248046875,-489.03369140625,-0.0087890625,non_proxy_16,24,8,0
1084,-489.04583740234375,-489.03369140625,-0.01214599609375,non_proxy_16,24,8,0
1085,-489.04583740234375,-489.03369140625,-0.01214599609375,non_proxy_16,24,8,0
1086,-489.04583740234375,-489.03369140625,-0.01214599609375,non_proxy_16,24,8,0
1087,-489.04583740234375,-489.03369140625,-0.01214599609375,non_proxy_16,24,8,0
1088,-489.04583740234375,-489.03369140625,-0.01214599609375,non_proxy_16,24,8,0
1089,-489.04248046875,-489.03369140625,-0.0087890625,non_proxy_16,24,8,0
1090,-489.04248046875,-489.03369140625,-0.0087890625,non_proxy_16,24,8,0
1091,-489.04583740234375,-489.03369140625,-0.01214599609375,non_proxy_16,24,8,0
1092,-489.04583740234375,-489.03369140625,-0.01214599609375,non_proxy_16,24,8,0
1093,-489.04583740234375,-489.03369140625,-0.01214599609375,non_proxy_16,24,8,0
1094,-489.04583740234375,-489.03369140625,-0.01214599609375,non_proxy_16,24,8,0
1095,-489.04583740234375,-489.03369140625,-0.01214599609375,non_proxy_16,24,8,0
1096,-489.04583740234375,-489.03369140625,-0.01214599609375,non_proxy_16,24,8,0
1097,-489.04583740234375,-489.03369140625,-0.01214599609375,non_proxy_16,24,8,0
1098,-489.04583740234375,-489.03369140625,-0.01214599609375,non_proxy_16,24,8,0
1099,-489.04583740234375,-489.03369140625,-0.01214599609375,non_proxy_16,24,8,0
1100,-489.04248046875,-489.03369140625,-0.0087890625,non_proxy_16,24,8,0
1101,-489.04583740234375,-489.03369140625,-0.01214599609375,non_proxy_16,24,8,0
1102,-489.04583740234375,-489.03369140625,-0.01214599609375,non_proxy_16,24,8,0
1103,-489.0424499511719,-489.03369140625,-0.008758544921875,non_proxy_16,24,8,0
1104,-489.04248046875,-489.03369140625,-0.0087890625,non_proxy_16,24,8,0
1105,-489.04583740234375,-489.03369140625,-0.01214599609375,non_proxy_16,24,8,0
1106,-489.04583740234375,-489.03369140625,-0.01214599609375,non_proxy_16,24,8,0
1107,-489.04583740234375,-489.03369140625,-0.01214599609375,non_proxy_16,24,8,0
1108,-489.04583740234375,-489.03369140625,-0.01214599609375,non_proxy_16,24,8,0
1109,-489.04583740234375,-489.03369140625,-0.01214599609375,non_proxy_16,24,8,0
1110,-489.04583740234375,-489.03369140625,-0.01214599609375,non_proxy_16,24,8,0
1111,-489.04583740234375,-489.03369140625,-0.01214599609375,non_proxy_16,24,8,0
1112,-489.04583740234375,-489.03369140625,-0.01214599609375,non_proxy_16,24,8,0
1113,-489.04583740234375,-489.03369140625,-0.01214599609375,non_proxy_16,24,8,0
1114,-489.04583740234375,-489.03369140625,-0.01214599609375,non_proxy_16,24,8,0
1115,-489.04583740234375,-489.03369140625,-0.01214599609375,non_proxy_16,24,8,0
1116,-489.04583740234375,-489.03369140625,-0.01214599609375,non_proxy_16,24,8,0
1117,-489.04583740234375,-489.03369140625,-0.01214599609375,non_proxy_16,24,8,0
1118,-489.04583740234375,-489.03369140625,-0.01214599609375,non_proxy_16,24,8,0
1119,-489.04583740234375,-489.03369140625,-0.01214599609375,non_proxy_16,24,8,0
1120,-489.04583740234375,-489.03369140625,-0.01214599609375,non_proxy_16,24,8,0
1121,-489.04583740234375,-489.03369140625,-0.01214599609375,non_proxy_16,24,8,0
1122,-489.04583740234375,-489.03369140625,-0.01214599609375,non_proxy_16,24,8,0
1123,-489.04583740234375,-489.03369140625,-0.01214599609375,non_proxy_16,24,8,0
1124,-489.04583740234375,-489.03369140625,-0.01214599609375,non_proxy_16,24,8,0
1125,-489.04583740234375,-489.03369140625,-0.01214599609375,non_proxy_16,24,8,0
1126,-489.04583740234375,-489.03369140625,-0.01214599609375,non_proxy_16,24,8,0
1127,-489.04583740234375,-489.03369140625,-0.01214599609375,non_proxy_16,24,8,0
1128,-489.04583740234375,-489.03369140625,-0.01214599609375,non_proxy_16,24,8,0
1129,-489.04583740234375,-489.03369140625,-0.01214599609375,non_proxy_16,24,8,0
1130,-489.04583740234375,-489.03369140625,-0.01214599609375,non_proxy_16,24,8,0
1131,-489.04583740234375,-489.03369140625,-0.01214599609375,non_proxy_16,24,8,0
1132,-489.04583740234375,-489.03369140625,-0.01214599609375,non_proxy_16,24,8,0
1133,-489.04583740234375,-489.03369140625,-0.01214599609375,non_proxy_16,24,8,0
1134,-489.04583740234375,-489.03369140625,-0.01214599609375,non_proxy_16,24,8,0
1135,-489.04583740234375,-489.03369140625,-0.01214599609375,non_proxy_16,24,8,0
1136,-489.03369140625,-489.03369140625,0.0,non_proxy_16,24,8,0
1137,-489.04583740234375,-489.03369140625,-0.01214599609375,non_proxy_16,24,8,0
1138,-489.04248046875,-489.03369140625,-0.0087890625,non_proxy_16,24,8,0
1139,-489.04248046875,-489.03369140625,-0.0087890625,non_proxy_16,24,8,0
1140,-489.04583740234375,-489.03369140625,-0.01214599609375,non_proxy_16,24,8,0
1141,-489.04248046875,-489.03369140625,-0.0087890625,non_proxy_16,24,8,0
1142,-489.04583740234375,-489.03369140625,-0.01214599609375,non_proxy_16,24,8,0
1143,-489.04248046875,-489.03369140625,-0.0087890625,non_proxy_16,24,8,0
1144,-489.04583740234375,-489.03369140625,-0.01214599609375,non_proxy_16,24,8,0
1145,-489.04583740234375,-489.03369140625,-0.01214599609375,non_proxy_16,24,8,0
1146,-489.04248046875,-489.03369140625,-0.0087890625,non_proxy_16,24,8,0
1147,-489.04583740234375,-489.03369140625,-0.01214599609375,non_proxy_16,24,8,0
1148,-489.04583740234375,-489.03369140625,-0.01214599609375,non_proxy_16,24,8,0
1149,-489.04583740234375,-489.03369140625,-0.01214599609375,non_proxy_16,24,8,0
1150,-489.04583740234375,-489.03369140625,-0.01214599609375,non_proxy_16,24,8,0
1151,-489.0424499511719,-489.03369140625,-0.008758544921875,non_proxy_16,24,8,0
1152,-489.04248046875,-489.03369140625,-0.0087890625,non_proxy_16,24,8,0
1153,-489.04248046875,-489.03369140625,-0.0087890625,non_proxy_16,24,8,0
1154,-489.04248046875,-489.03369140625,-0.0087890625,non_proxy_16,24,8,0
1155,-489.04583740234375,-489.03369140625,-0.01214599609375,non_proxy_16,24,8,0
1156,-489.04583740234375,-489.03369140625,-0.01214599609375,non_proxy_16,24,8,0
1157,-489.04583740234375,-489.03369140625,-0.01214599609375,non_proxy_16,24,8,0
1158,-489.04583740234375,-489.03369140625,-0.01214599609375,non_proxy_16,24,8,0
1159,-489.04583740234375,-489.03369140625,-0.01214599609375,non_proxy_16,24,8,0
1160,-489.04583740234375,-489.03369140625,-0.01214599609375,non_proxy_16,24,8,0
1161,-489.04583740234375,-489.03369140625,-0.01214599609375,non_proxy_16,24,8,0
1162,-489.04583740234375,-489.03369140625,-0.01214599609375,non_proxy_16,24,8,0
1163,-489.04248046875,-489.03369140625,-0.0087890625,non_proxy_16,24,8,0
1164,-489.04583740234375,-489.03369140625,-0.01214599609375,non_proxy_16,24,8,0
1165,-489.04248046875,-489.03369140625,-0.0087890625,non_proxy_16,24,8,0
1166,-489.04583740234375,-489.03369140625,-0.01214599609375,non_proxy_16,24,8,0
1167,-489.04248046875,-489.03369140625,-0.0087890625,non_proxy_16,24,8,0
1168,-489.04248046875,-489.03369140625,-0.0087890625,non_proxy_16,24,8,0
1169,-489.04583740234375,-489.03369140625,-0.01214599609375,non_proxy_16,24,8,0
1170,-489.04583740234375,-489.03369140625,-0.01214599609375,non_proxy_16,24,8,0
1171,-489.04248046875,-489.03369140625,-0.0087890625,non_proxy_16,24,8,0
1172,-489.04583740234375,-489.03369140625,-0.01214599609375,non_proxy_16,24,8,0
1173,-489.04583740234375,-489.03369140625,-0.01214599609375,non_proxy_16,24,8,0
1174,-489.04248046875,-489.03369140625,-0.0087890625,non_proxy_16,24,8,0
1175,-489.04248046875,-489.03369140625,-0.0087890625,non_proxy_16,24,8,0
1176,-489.04248046875,-489.03369140625,-0.0087890625,non_proxy_16,24,8,0
1177,-489.04583740234375,-489.03369140625,-0.01214599609375,non_proxy_16,24,8,0
1178,-489.04583740234375,-489.03369140625,-0.01214599609375,non_proxy_16,24,8,0
1179,-489.04583740234375,-489.03369140625,-0.01214599609375,non_proxy_16,24,8,0
1180,-489.03369140625,-489.03369140625,0.0,non_proxy_16,24,8,0
1181,-489.04583740234375,-489.03369140625,-0.01214599609375,non_proxy_16,24,8,0
1182,-489.04248046875,-489.03369140625,-0.0087890625,non_proxy_16,24,8,0
1183,-489.04583740234375,-489.03369140625,-0.01214599609375,non_proxy_16,24,8,0
1184,-489.04583740234375,-489.03369140625,-0.01214599609375,non_proxy_16,24,8,0
1185,-489.04583740234375,-489.03369140625,-0.01214599609375,non_proxy_16,24,8,0
1186,-489.04583740234375,-489.03369140625,-0.01214599609375,non_proxy_16,24,8,0
1187,-489.04248046875,-489.03369140625,-0.0087890625,non_proxy_16,24,8,0
1188,-489.04248046875,-489.03369140625,-0.0087890625,non_proxy_16,24,8,0
1189,-489.04583740234375,-489.03369140625,-0.01214599609375,non_proxy_16,24,8,0
1190,-489.04583740234375,-489.03369140625,-0.01214599609375,non_proxy_16,24,8,0
1191,-489.04583740234375,-489.03369140625,-0.01214599609375,non_proxy_16,24,8,0
1192,-489.04583740234375,-489.03369140625,-0.01214599609375,non_proxy_16,24,8,0
1193,-489.04583740234375,-489.03369140625,-0.01214599609375,non_proxy_16,24,8,0
1194,-489.04583740234375,-489.03369140625,-0.01214599609375,non_proxy_16,24,8,0
1195,-489.04583740234375,-489.03369140625,-0.01214599609375,non_proxy_16,24,8,0
1196,-489.04248046875,-489.03369140625,-0.0087890625,non_proxy_16,24,8,0
1197,-489.04583740234375,-489.03369140625,-0.01214599609375,non_proxy_16,24,8,0
1198,-489.04248046875,-489.03369140625,-0.0087890625,non_proxy_16,24,8,0
1199,-489.04583740234375,-489.03369140625,-0.01214599609375,non_proxy_16,24,8,0
1200,-489.04583740234375,-489.03369140625,-0.01214599609375,non_proxy_16,24,8,0
1201,-489.04248046875,-489.03369140625,-0.0087890625,non_proxy_16,24,8,0
1202,-489.04583740234375,-489.03369140625,-0.01214599609375,non_proxy_16,24,8,0
1203,-489.04583740234375,-489.03369140625,-0.01214599609375,non_proxy_16,24,8,0
1204,-489.04583740234375,-489.03369140625,-0.01214599609375,non_proxy_16,24,8,0
1205,-489.04583740234375,-489.03369140625,-0.01214599609375,non_proxy_16,24,8,0
1206,-489.04583740234375,-489.03369140625,-0.01214599609375,non_proxy_16,24,8,0
1207,-489.04583740234375,-489.03369140625,-0.01214599609375,non_proxy_16,24,8,0
1208,-489.04583740234375,-489.03369140625,-0.01214599609375,non_proxy_16,24,8,0
1209,-489.04583740234375,-489.03369140625,-0.01214599609375,non_proxy_16,24,8,0
1210,-489.04583740234375,-489.03369140625,-0.01214599609375,non_proxy_16,24,8,0
1211,-489.04583740234375,-489.03369140625,-0.01214599609375,non_proxy_16,24,8,0
1212,-489.04248046875,-489.03369140625,-0.0087890625,non_proxy_16,24,8,0
1213,-489.04583740234375,-489.03369140625,-0.01214599609375,non_proxy_16,24,8,0
1214,-489.04248046875,-489.03369140625,-0.0087890625,non_proxy_16,24,8,0
1215,-489.04248046875,-489.03369140625,-0.0087890625,non_proxy_16,24,8,0
1216,-489.04248046875,-489.03369140625,-0.0087890625,non_proxy_16,24,8,0
1217,-489.04583740234375,-489.03369140625,-0.01214599609375,non_proxy_16,24,8,0
1218,-489.04583740234375,-489.03369140625,-0.01214599609375,non_proxy_16,24,8,0
1219,-489.04248046875,-489.03369140625,-0.0087890625,non_proxy_16,24,8,0
1220,-489.04248046875,-489.03369140625,-0.0087890625,non_proxy_16,24,8,0
1221,-489.04583740234375,-489.03369140625,-0.01214599609375,non_proxy_16,24,8,0
1222,-489.04583740234375,-489.03369140625,-0.01214599609375,non_proxy_16,24,8,0
1223,-489.04583740234375,-489.03369140625,-0.01214599609375,non_proxy_16,24,8,0
1224,-489.04248046875,-489.03369140625,-0.0087890625,non_proxy_16,24,8,0
1225,-489.0424499511719,-489.03369140625,-0.008758544921875,non_proxy_16,24,8,0
1226,-489.04583740234375,-489.03369140625,-0.01214599609375,non_proxy_16,24,8,0
1227,-489.04583740234375,-489.03369140625,-0.01214599609375,non_proxy_16,24,8,0
1228,-489.04248046875,-489.03369140625,-0.0087890625,non_proxy_16,24,8,0
1229,-489.04583740234375,-489.03369140625,-0.01214599609375,non_proxy_16,24,8,0
1230,-489.04248046875,-489.03369140625,-0.0087890625,non_proxy_16,24,8,0
1231,-489.04583740234375,-489.03369140625,-0.01214599609375,non_proxy_16,24,8,0
1232,-489.04248046875,-489.03369140625,-0.0087890625,non_proxy_16,24,8,0
1233,-489.04583740234375,-489.03369140625,-0.01214599609375,non_proxy_16,24,8,0
1234,-489.04583740234375,-489.03369140625,-0.01214599609375,non_proxy_16,24,8,0
1235,-489.04248046875,-489.03369140625,-0.0087890625,non_proxy_16,24,8,0
1236,-489.04583740234375,-489.03369140625,-0.01214599609375,non_proxy_16,24,8,0
1237,-489.04583740234375,-489.03369140625,-0.01214599609375,non_proxy_16,24,8,0
1238,-489.0424499511719,-489.03369140625,-0.008758544921875,non_proxy_16,24,8,0
1239,-489.04248046875,-489.03369140625,-0.0087890625,non_proxy_16,24,8,0
1240,-489.04248046875,-489.03369140625,-0.0087890625,non_proxy_16,24,8,0
1241,-489.04583740234375,-489.03369140625,-0.01214599609375,non_proxy_16,24,8,0
1242,-489.04248046875,-489.03369140625,-0.0087890625,non_proxy_16,24,8,0
1243,-489.04583740234375,-489.03369140625,-0.01214599609375,non_proxy_16,24,8,0
1244,-489.04248046875,-489.03369140625,-0.0087890625,non_proxy_16,24,8,0
1245,-489.04583740234375,-489.03369140625,-0.01214599609375,non_proxy_16,24,8,0
1246,-489.04583740234375,-489.03369140625,-0.01214599609375,non_proxy_16,24,8,0
1247,-489.04583740234375,-489.03369140625,-0.01214599609375,non_proxy_16,24,8,0
1248,-489.04583740234375,-489.03369140625,-0.01214599609375,non_proxy_16,24,8,0
1249,-489.04583740234375,-489.03369140625,-0.01214599609375,non_proxy_16,24,8,0
1250,-489.04583740234375,-489.03369140625,-0.01214599609375,non_proxy_16,24,8,0
1251,-489.04583740234375,-489.03369140625,-0.01214599609375,non_proxy_16,24,8,0
1252,-489.04583740234375,-489.03369140625,-0.01214599609375,non_proxy_16,24,8,0
1253,-489.04248046875,-489.03369140625,-0.0087890625,non_proxy_16,24,8,0
1254,-489.04583740234375,-489.03369140625,-0.01214599609375,non_proxy_16,24,8,0
1255,-489.04583740234375,-489.03369140625,-0.01214599609375,non_proxy_16,24,8,0
1256,-489.04583740234375,-489.03369140625,-0.01214599609375,non_proxy_16,24,8,0
1257,-489.04583740234375,-489.03369140625,-0.01214599609375,non_proxy_16,24,8,0
1258,-489.04248046875,-489.03369140625,-0.0087890625,non_proxy_16,24,8,0
1259,-489.04583740234375,-489.03369140625,-0.01214599609375,non_proxy_16,24,8,0
1260,-489.04583740234375,-489.03369140625,-0.01214599609375,non_proxy_16,24,8,0
1261,-489.04583740234375,-489.03369140625,-0.01214599609375,non_proxy_16,24,8,0
1262,-489.04248046875,-489.03369140625,-0.0087890625,non_proxy_16,24,8,0
1263,-489.04583740234375,-489.03369140625,-0.01214599609375,non_proxy_16,24,8,0
1264,-489.04583740234375,-489.03369140625,-0.01214599609375,non_proxy_16,24,8,0
1265,-489.04583740234375,-489.03369140625,-0.01214599609375,non_proxy_16,24,8,0
1266,-489.04583740234375,-489.03369140625,-0.01214599609375,non_proxy_16,24,8,0
1267,-489.04583740234375,-489.03369140625,-0.01214599609375,non_proxy_16,24,8,0
1268,-489.04248046875,-489.03369140625,-0.0087890625,non_proxy_16,24,8,0
1269,-489.04583740234375,-489.03369140625,-0.01214599609375,non_proxy_16,24,8,0
1270,-489.04583740234375,-489.03369140625,-0.01214599609375,non_proxy_16,24,8,0
1271,-489.04248046875,-489.03369140625,-0.0087890625,non_proxy_16,24,8,0
1272,-489.04583740234375,-489.03369140625,-0.01214599609375,non_proxy_16,24,8,0
1273,-489.04583740234375,-489.03369140625,-0.01214599609375,non_proxy_16,24,8,0
1274,-489.04583740234375,-489.03369140625,-0.01214599609375,non_proxy_16,24,8,0
1275,-489.04583740234375,-489.03369140625,-0.01214599609375,non_proxy_16,24,8,0
1276,-489.04248046875,-489.03369140625,-0.0087890625,non_proxy_16,24,8,0
1277,-489.0424499511719,-489.03369140625,-0.008758544921875,non_proxy_16,24,8,0
1278,-489.04583740234375,-489.03369140625,-0.01214599609375,non_proxy_16,24,8,0
1279,-489.04248046875,-489.03369140625,-0.0087890625,non_proxy_16,24,8,0
1280,-489.04248046875,-489.03369140625,-0.0087890625,non_proxy_16,24,8,0
1281,-489.04248046875,-489.03369140625,-0.0087890625,non_proxy_16,24,8,0
1282,-489.04583740234375,-489.03369140625,-0.01214599609375,non_proxy_16,24,8,0
1283,-489.04583740234375,-489.03369140625,-0.01214599609375,non_proxy_16,24,8,0
1284,-489.04583740234375,-489.03369140625,-0.01214599609375,non_proxy_16,24,8,0
1285,-489.04583740234375,-489.03369140625,-0.01214599609375,non_proxy_16,24,8,0
1286,-489.04583740234375,-489.03369140625,-0.01214599609375,non_proxy_16,24,8,0
1287,-489.04583740234375,-489.03369140625,-0.01214599609375,non_proxy_16,24,8,0
1288,-489.04583740234375,-489.03369140625,-0.01214599609375,non_proxy_16,24,8,0
1289,-489.04583740234375,-489.03369140625,-0.01214599609375,non_proxy_16,24,8,0
1290,-489.04583740234375,-489.03369140625,-0.01214599609375,non_proxy_16,24,8,0
1291,-489.04583740234375,-489.03369140625,-0.01214599609375,non_proxy_16,24,8,0
1292,-489.04583740234375,-489.03369140625,-0.01214599609375,non_proxy_16,24,8,0
1293,-489.04583740234375,-489.03369140625,-0.01214599609375,non_proxy_16,24,8,0
1294,-489.04583740234375,-489.03369140625,-0.01214599609375,non_proxy_16,24,8,0
1295,-489.04583740234375,-489.03369140625,-0.01214599609375,non_proxy_16,24,8,0
1296,-489.04583740234375,-489.03369140625,-0.01214599609375,non_proxy_16,24,8,0
1297,-489.04583740234375,-489.03369140625,-0.01214599609375,non_proxy_16,24,8,0
1298,-489.04583740234375,-489.03369140625,-0.01214599609375,non_proxy_16,24,8,0
1299,-489.04583740234375,-489.03369140625,-0.01214599609375,non_proxy_16,24,8,0
1300,-489.04583740234375,-489.03369140625,-0.01214599609375,non_proxy_16,24,8,0
1301,-489.04583740234375,-489.03369140625,-0.01214599609375,non_proxy_16,24,8,0
1302,-489.04248046875,-489.03369140625,-0.0087890625,non_proxy_16,24,8,0
1303,-489.04583740234375,-489.03369140625,-0.01214599609375,non_proxy_16,24,8,0
1304,-489.04583740234375,-489.03369140625,-0.01214599609375,non_proxy_16,24,8,0
1305,-489.04583740234375,-489.03369140625,-0.01214599609375,non_proxy_16,24,8,0
1306,-489.04583740234375,-489.03369140625,-0.01214599609375,non_proxy_16,24,8,0
1307,-489.04583740234375,-489.03369140625,-0.01214599609375,non_proxy_16,24,8,0
1308,-489.04583740234375,-489.03369140625,-0.01214599609375,non_proxy_16,24,8,0
1309,-489.04583740234375,-489.03369140625,-0.01214599609375,non_proxy_16,24,8,0
1310,-489.04583740234375,-489.03369140625,-0.01214599609375,non_proxy_16,24,8,0
1311,-489.04583740234375,-489.03369140625,-0.01214599609375,non_proxy_16,24,8,0
1312,-489.04583740234375,-489.03369140625,-0.01214599609375,non_proxy_16,24,8,0
1313,-489.04583740234375,-489.03369140625,-0.01214599609375,non_proxy_16,24,8,0
1314,-489.04248046875,-489.03369140625,-0.0087890625,non_proxy_16,24,8,0
1315,-489.04248046875,-489.03369140625,-0.0087890625,non_proxy_16,24,8,0
1316,-489.04583740234375,-489.03369140625,-0.01214599609375,non_proxy_16,24,8,0
1317,-489.04583740234375,-489.03369140625,-0.01214599609375,non_proxy_16,24,8,0
1318,-489.04583740234375,-489.03369140625,-0.01214599609375,non_proxy_16,24,8,0
1319,-489.04583740234375,-489.03369140625,-0.01214599609375,non_proxy_16,24,8,0
1320,-489.04583740234375,-489.03369140625,-0.01214599609375,non_proxy_16,24,8,0
1321,-489.04583740234375,-489.03369140625,-0.01214599609375,non_proxy_16,24,8,0
1322,-489.04583740234375,-489.03369140625,-0.01214599609375,non_proxy_16,24,8,0
1323,-489.04583740234375,-489.03369140625,-0.01214599609375,non_proxy_16,24,8,0
1324,-489.04583740234375,-489.03369140625,-0.01214599609375,non_proxy_16,24,8,0
1325,-489.04248046875,-489.03369140625,-0.0087890625,non_proxy_16,24,8,0
1326,-489.04583740234375,-489.03369140625,-0.01214599609375,non_proxy_16,24,8,0
1327,-489.04248046875,-489.03369140625,-0.0087890625,non_proxy_16,24,8,0
1328,-489.04248046875,-489.03369140625,-0.0087890625,non_proxy_16,24,8,0
1329,-489.04583740234375,-489.03369140625,-0.01214599609375,non_proxy_16,24,8,0
1330,-489.04583740234375,-489.03369140625,-0.01214599609375,non_proxy_16,24,8,0
1331,-489.04583740234375,-489.03369140625,-0.01214599609375,non_proxy_16,24,8,0
1332,-489.04583740234375,-489.03369140625,-0.01214599609375,non_proxy_16,24,8,0
1333,-489.04583740234375,-489.03369140625,-0.01214599609375,non_proxy_16,24,8,0
1334,-489.04583740234375,-489.03369140625,-0.01214599609375,non_proxy_16,24,8,0
1335,-489.04583740234375,-489.03369140625,-0.01214599609375,non_proxy_16,24,8,0
1336,-489.04583740234375,-489.03369140625,-0.01214599609375,non_proxy_16,24,8,0
1337,-489.04583740234375,-489.03369140625,-0.01214599609375,non_proxy_16,24,8,0
1338,-489.04583740234375,-489.03369140625,-0.01214599609375,non_proxy_16,24,8,0
1339,-489.04583740234375,-489.03369140625,-0.01214599609375,non_proxy_16,24,8,0
1340,-489.04583740234375,-489.03369140625,-0.01214599609375,non_proxy_16,24,8,0
1341,-489.04583740234375,-489.03369140625,-0.01214599609375,non_proxy_16,24,8,0
1342,-489.04583740234375,-489.03369140625,-0.01214599609375,non_proxy_16,24,8,0
1343,-489.04583740234375,-489.03369140625,-0.01214599609375,non_proxy_16,24,8,0
1344,-489.04583740234375,-489.03369140625,-0.01214599609375,non_proxy_16,24,8,0
1345,-489.04583740234375,-489.03369140625,-0.01214599609375,non_proxy_16,24,8,0
1346,-489.04583740234375,-489.03369140625,-0.01214599609375,non_proxy_16,24,8,0
1347,-489.04248046875,-489.03369140625,-0.0087890625,non_proxy_16,24,8,0
1348,-489.04583740234375,-489.03369140625,-0.01214599609375,non_proxy_16,24,8,0
1349,-489.04583740234375,-489.03369140625,-0.01214599609375,non_proxy_16,24,8,0
1350,-489.04248046875,-489.03369140625,-0.0087890625,non_proxy_16,24,8,0
1351,-489.04583740234375,-489.03369140625,-0.01214599609375,non_proxy_16,24,8,0
1352,-489.04583740234375,-489.03369140625,-0.01214599609375,non_proxy_16,24,8,0
1353,-489.04583740234375,-489.03369140625,-0.01214599609375,non_proxy_16,24,8,0
1354,-489.04583740234375,-489.03369140625,-0.01214599609375,non_proxy_16,24,8,0
1355,-489.04583740234375,-489.03369140625,-0.01214599609375,non_proxy_16,24,8,0
1356,-489.04583740234375,-489.03369140625,-0.01214599609375,non_proxy_16,24,8,0
1357,-489.04248046875,-489.03369140625,-0.0087890625,non_proxy_16,24,8,0
1358,-489.04583740234375,-489.03369140625,-0.01214599609375,non_proxy_16,24,8,0
1359,-489.04583740234375,-489.03369140625,-0.01214599609375,non_proxy_16,24,8,0
1360,-489.04583740234375,-489.03369140625,-0.01214599609375,non_proxy_16,24,8,0
1361,-489.04583740234375,-489.03369140625,-0.01214599609375,non_proxy_16,24,8,0
1362,-489.04248046875,-489.03369140625,-0.0087890625,non_proxy_16,24,8,0
1363,-489.04583740234375,-489.03369140625,-0.01214599609375,non_proxy_16,24,8,0
1364,-489.04583740234375,-489.03369140625,-0.01214599609375,non_proxy_16,24,8,0
1365,-489.04248046875,-489.03369140625,-0.0087890625,non_proxy_16,24,8,0
1366,-489.04583740234375,-489.03369140625,-0.01214599609375,non_proxy_16,24,8,0
1367,-489.04248046875,-489.03369140625,-0.0087890625,non_proxy_16,24,8,0
1368,-489.04583740234375,-489.03369140625,-0.01214599609375,non_proxy_16,24,8,0
1369,-489.04583740234375,-489.03369140625,-0.01214599609375,non_proxy_16,24,8,0
1370,-489.04583740234375,-489.03369140625,-0.01214599609375,non_proxy_16,24,8,0
1371,-489.04248046875,-489.03369140625,-0.0087890625,non_proxy_16,24,8,0
1372,-489.04583740234375,-489.03369140625,-0.01214599609375,non_proxy_16,24,8,0
1373,-489.04583740234375,-489.03369140625,-0.01214599609375,non_proxy_16,24,8,0
1374,-489.04583740234375,-489.03369140625,-0.01214599609375,non_proxy_16,24,8,0
1375,-489.04583740234375,-489.03369140625,-0.01214599609375,non_proxy_16,24,8,0
1376,-489.04583740234375,-489.03369140625,-0.01214599609375,non_proxy_16,24,8,0
1377,-489.04248046875,-489.03369140625,-0.0087890625,non_proxy_16,24,8,0
1378,-489.04583740234375,-489.03369140625,-0.01214599609375,non_proxy_16,24,8,0
1379,-489.04583740234375,-489.03369140625,-0.01214599609375,non_proxy_16,24,8,0
1380,-489.04248046875,-489.03369140625,-0.0087890625,non_proxy_16,24,8,0
1381,-489.04248046875,-489.03369140625,-0.0087890625,non_proxy_16,24,8,0
1382,-489.04583740234375,-489.03369140625,-0.01214599609375,non_proxy_16,24,8,0
1383,-489.04583740234375,-489.03369140625,-0.01214599609375,non_proxy_16,24,8,0
1384,-489.04583740234375,-489.03369140625,-0.01214599609375,non_proxy_16,24,8,0
1385,-489.04248046875,-489.03369140625,-0.0087890625,non_proxy_16,24,8,0
1386,-489.04248046875,-489.03369140625,-0.0087890625,non_proxy_16,24,8,0
1387,-489.04583740234375,-489.03369140625,-0.01214599609375,non_proxy_16,24,8,0
1388,-489.04583740234375,-489.03369140625,-0.01214599609375,non_proxy_16,24,8,0
1389,-489.04583740234375,-489.03369140625,-0.01214599609375,non_proxy_16,24,8,0
1390,-489.04248046875,-489.03369140625,-0.0087890625,non_proxy_16,24,8,0
1391,-489.04583740234375,-489.03369140625,-0.01214599609375,non_proxy_16,24,8,0
1392,-489.04583740234375,-489.03369140625,-0.01214599609375,non_proxy_16,24,8,0
1393,-489.04583740234375,-489.03369140625,-0.01214599609375,non_proxy_16,24,8,0
1394,-489.04583740234375,-489.03369140625,-0.01214599609375,non_proxy_16,24,8,0
1395,-489.04583740234375,-489.03369140625,-0.01214599609375,non_proxy_16,24,8,0
1396,-489.04583740234375,-489.03369140625,-0.01214599609375,non_proxy_16,24,8,0
1397,-489.04583740234375,-489.03369140625,-0.01214599609375,non_proxy_16,24,8,0
1398,-489.04248046875,-489.03369140625,-0.0087890625,non_proxy_16,24,8,0
1399,-489.04583740234375,-489.03369140625,-0.01214599609375,non_proxy_16,24,8,0
1400,-489.04583740234375,-489.03369140625,-0.01214599609375,non_proxy_16,24,8,0
1401,-489.04248046875,-489.03369140625,-0.0087890625,non_proxy_16,24,8,0
1402,-489.04583740234375,-489.03369140625,-0.01214599609375,non_proxy_16,24,8,0
1403,-489.04583740234375,-489.03369140625,-0.01214599609375,non_proxy_16,24,8,0
1404,-489.04248046875,-489.03369140625,-0.0087890625,non_proxy_16,24,8,0
1405,-489.04583740234375,-489.03369140625,-0.01214599609375,non_proxy_16,24,8,0
1406,-489.04248046875,-489.03369140625,-0.0087890625,non_proxy_16,24,8,0
1407,-489.04583740234375,-489.03369140625,-0.01214599609375,non_proxy_16,24,8,0
1408,-489.04583740234375,-489.03369140625,-0.01214599609375,non_proxy_16,24,8,0
1409,-489.04248046875,-489.03369140625,-0.0087890625,non_proxy_16,24,8,0
1410,-489.04248046875,-489.03369140625,-0.0087890625,non_proxy_16,24,8,0
1411,-489.04583740234375,-489.03369140625,-0.01214599609375,non_proxy_16,24,8,0
1412,-489.04583740234375,-489.03369140625,-0.01214599609375,non_proxy_16,24,8,0
1413,-489.0424499511719,-489.03369140625,-0.008758544921875,non_proxy_16,24,8,0
1414,-489.04248046875,-489.03369140625,-0.0087890625,non_proxy_16,24,8,0
1415,-489.04583740234375,-489.03369140625,-0.01214599609375,non_proxy_16,24,8,0
1416,-489.04583740234375,-489.03369140625,-0.01214599609375,non_proxy_16,24,8,0
1417,-489.04583740234375,-489.03369140625,-0.01214599609375,non_proxy_16,24,8,0
1418,-489.04583740234375,-489.03369140625,-0.01214599609375,non_proxy_16,24,8,0
1419,-489.04583740234375,-489.03369140625,-0.01214599609375,non_proxy_16,24,8,0
1420,-489.04583740234375,-489.03369140625,-0.01214599609375,non_proxy_16,24,8,0
1421,-489.04583740234375,-489.03369140625,-0.01214599609375,non_proxy_16,24,8,0
1422,-489.04583740234375,-489.03369140625,-0.01214599609375,non_proxy_16,24,8,0
1423,-489.04583740234375,-489.03369140625,-0.01214599609375,non_proxy_16,24,8,0
1424,-489.04248046875,-489.03369140625,-0.0087890625,non_proxy_16,24,8,0
1425,-489.04583740234375,-489.03369140625,-0.01214599609375,non_proxy_16,24,8,0
1426,-489.04583740234375,-489.03369140625,-0.01214599609375,non_proxy_16,24,8,0
1427,-489.04583740234375,-489.03369140625,-0.01214599609375,non_proxy_16,24,8,0
1428,-489.04583740234375,-489.03369140625,-0.01214599609375,non_proxy_16,24,8,0
1429,-489.04583740234375,-489.03369140625,-0.01214599609375,non_proxy_16,24,8,0
1430,-489.04248046875,-489.03369140625,-0.0087890625,non_proxy_16,24,8,0
1431,-489.04583740234375,-489.03369140625,-0.01214599609375,non_proxy_16,24,8,0
1432,-489.04583740234375,-489.03369140625,-0.01214599609375,non_proxy_16,24,8,0
1433,-489.04583740234375,-489.03369140625,-0.01214599609375,non_proxy_16,24,8,0
1434,-489.04583740234375,-489.03369140625,-0.01214599609375,non_proxy_16,24,8,0
1435,-489.04583740234375,-489.03369140625,-0.01214599609375,non_proxy_16,24,8,0
1436,-489.04248046875,-489.03369140625,-0.0087890625,non_proxy_16,24,8,0
1437,-489.04583740234375,-489.03369140625,-0.01214599609375,non_proxy_16,24,8,0
1438,-489.04248046875,-489.03369140625,-0.0087890625,non_proxy_16,24,8,0
1439,-489.04583740234375,-489.03369140625,-0.01214599609375,non_proxy_16,24,8,0
1440,-489.04583740234375,-489.03369140625,-0.01214599609375,non_proxy_16,24,8,0
1441,-489.04583740234375,-489.03369140625,-0.01214599609375,non_proxy_16,24,8,0
1442,-489.0424499511719,-489.03369140625,-0.008758544921875,non_proxy_16,24,8,0
1443,-489.04583740234375,-489.03369140625,-0.01214599609375,non_proxy_16,24,8,0
1444,-489.04583740234375,-489.03369140625,-0.01214599609375,non_proxy_16,24,8,0
1445,-489.04583740234375,-489.03369140625,-0.01214599609375,non_proxy_16,24,8,0
1446,-489.04248046875,-489.03369140625,-0.0087890625,non_proxy_16,24,8,0
1447,-489.04583740234375,-489.03369140625,-0.01214599609375,non_proxy_16,24,8,0
1448,-489.04248046875,-489.03369140625,-0.0087890625,non_proxy_16,24,8,0
1449,-489.04583740234375,-489.03369140625,-0.01214599609375,non_proxy_16,24,8,0
1450,-489.04583740234375,-489.03369140625,-0.01214599609375,non_proxy_16,24,8,0
1451,-489.04583740234375,-489.03369140625,-0.01214599609375,non_proxy_16,24,8,0
1452,-489.04583740234375,-489.03369140625,-0.01214599609375,non_proxy_16,24,8,0
1453,-489.04248046875,-489.03369140625,-0.0087890625,non_proxy_16,24,8,0
1454,-489.04583740234375,-489.03369140625,-0.01214599609375,non_proxy_16,24,8,0
1455,-489.04583740234375,-489.03369140625,-0.01214599609375,non_proxy_16,24,8,0
1456,-489.04583740234375,-489.03369140625,-0.01214599609375,non_proxy_16,24,8,0
1457,-489.04248046875,-489.03369140625,-0.0087890625,non_proxy_16,24,8,0
1458,-489.04248046875,-489.03369140625,-0.0087890625,non_proxy_16,24,8,0
1459,-489.04248046875,-489.03369140625,-0.0087890625,non_proxy_16,24,8,0
1460,-489.04583740234375,-489.03369140625,-0.01214599609375,non_proxy_16,24,8,0
1461,-489.04583740234375,-489.03369140625,-0.01214599609375,non_proxy_16,24,8,0
1462,-489.04248046875,-489.03369140625,-0.0087890625,non_proxy_16,24,8,0
1463,-489.04583740234375,-489.03369140625,-0.01214599609375,non_proxy_16,24,8,0
1464,-489.04583740234375,-489.03369140625,-0.01214599609375,non_proxy_16,24,8,0
1465,-489.04583740234375,-489.03369140625,-0.01214599609375,non_proxy_16,24,8,0
1466,-489.04583740234375,-489.03369140625,-0.01214599609375,non_proxy_16,24,8,0
1467,-489.04583740234375,-489.03369140625,-0.01214599609375,non_proxy_16,24,8,0
1468,-489.04248046875,-489.03369140625,-0.0087890625,non_proxy_16,24,8,0
1469,-489.04583740234375,-489.03369140625,-0.01214599609375,non_proxy_16,24,8,0
1470,-489.04583740234375,-489.03369140625,-0.01214599609375,non_proxy_16,24,8,0
1471,-489.04583740234375,-489.03369140625,-0.01214599609375,non_proxy_16,24,8,0
1472,-489.04583740234375,-489.03369140625,-0.01214599609375,non_proxy_16,24,8,0
1473,-489.04248046875,-489.03369140625,-0.0087890625,non_proxy_16,24,8,0
1474,-489.04583740234375,-489.03369140625,-0.01214599609375,non_proxy_16,24,8,0
1475,-489.04583740234375,-489.03369140625,-0.01214599609375,non_proxy_16,24,8,0
1476,-489.04248046875,-489.03369140625,-0.0087890625,non_proxy_16,24,8,0
1477,-489.04583740234375,-489.03369140625,-0.01214599609375,non_proxy_16,24,8,0
1478,-489.04583740234375,-489.03369140625,-0.01214599609375,non_proxy_16,24,8,0
1479,-489.04583740234375,-489.03369140625,-0.01214599609375,non_proxy_16,24,8,0
1480,-489.04583740234375,-489.03369140625,-0.01214599609375,non_proxy_16,24,8,0
1481,-489.0424499511719,-489.03369140625,-0.008758544921875,non_proxy_16,24,8,0
1482,-489.04583740234375,-489.03369140625,-0.01214599609375,non_proxy_16,24,8,0
1483,-489.04248046875,-489.03369140625,-0.0087890625,non_proxy_16,24,8,0
1484,-489.04583740234375,-489.03369140625,-0.01214599609375,non_proxy_16,24,8,0
1485,-489.04583740234375,-489.03369140625,-0.01214599609375,non_proxy_16,24,8,0
1486,-489.04583740234375,-489.03369140625,-0.01214599609375,non_proxy_16,24,8,0
1487,-489.04583740234375,-489.03369140625,-0.01214599609375,non_proxy_16,24,8,0
1488,-489.0424499511719,-489.03369140625,-0.008758544921875,non_proxy_16,24,8,0
1489,-489.04583740234375,-489.03369140625,-0.01214599609375,non_proxy_16,24,8,0
1490,-489.04583740234375,-489.03369140625,-0.01214599609375,non_proxy_16,24,8,0
1491,-489.04583740234375,-489.03369140625,-0.01214599609375,non_proxy_16,24,8,0
1492,-489.04583740234375,-489.03369140625,-0.01214599609375,non_proxy_16,24,8,0
1493,-489.0424499511719,-489.03369140625,-0.008758544921875,non_proxy_16,24,8,0
1494,-489.04583740234375,-489.03369140625,-0.01214599609375,non_proxy_16,24,8,0
1495,-489.04583740234375,-489.03369140625,-0.01214599609375,non_proxy_16,24,8,0
1496,-489.04583740234375,-489.03369140625,-0.01214599609375,non_proxy_16,24,8,0
1497,-489.04583740234375,-489.03369140625,-0.01214599609375,non_proxy_16,24,8,0
1498,-489.04583740234375,-489.03369140625,-0.01214599609375,non_proxy_16,24,8,0
1499,-489.04583740234375,-489.03369140625,-0.01214599609375,non_proxy_16,24,8,0
1500,-489.04583740234375,-489.03369140625,-0.01214599609375,non_proxy_16,24,8,0
1501,-489.04583740234375,-489.03369140625,-0.01214599609375,non_proxy_16,24,8,0
1502,-489.04583740234375,-489.03369140625,-0.01214599609375,non_proxy_16,24,8,0
1503,-489.04583740234375,-489.03369140625,-0.01214599609375,non_proxy_16,24,8,0
1504,-489.04583740234375,-489.03369140625,-0.01214599609375,non_proxy_16,24,8,0
1505,-489.04583740234375,-489.03369140625,-0.01214599609375,non_proxy_16,24,8,0
1506,-489.04583740234375,-489.03369140625,-0.01214599609375,non_proxy_16,24,8,0
1507,-489.04583740234375,-489.03369140625,-0.01214599609375,non_proxy_16,24,8,0
1508,-489.0424499511719,-489.03369140625,-0.008758544921875,non_proxy_16,24,8,0
1509,-489.04583740234375,-489.03369140625,-0.01214599609375,non_proxy_16,24,8,0
1510,-489.04248046875,-489.03369140625,-0.0087890625,non_proxy_16,24,8,0
1511,-489.04248046875,-489.03369140625,-0.0087890625,non_proxy_16,24,8,0
1512,-489.04583740234375,-489.03369140625,-0.01214599609375,non_proxy_16,24,8,0
1513,-489.04583740234375,-489.03369140625,-0.01214599609375,non_proxy_16,24,8,0
1514,-489.04248046875,-489.03369140625,-0.0087890625,non_proxy_16,24,8,0
1515,-489.04583740234375,-489.03369140625,-0.01214599609375,non_proxy_16,24,8,0
1516,-489.04583740234375,-489.03369140625,-0.01214599609375,non_proxy_16,24,8,0
1517,-489.04583740234375,-489.03369140625,-0.01214599609375,non_proxy_16,24,8,0
1518,-489.04248046875,-489.03369140625,-0.0087890625,non_proxy_16,24,8,0
1519,-489.04583740234375,-489.03369140625,-0.01214599609375,non_proxy_16,24,8,0
1520,-489.04583740234375,-489.03369140625,-0.01214599609375,non_proxy_16,24,8,0
1521,-489.0424499511719,-489.03369140625,-0.008758544921875,non_proxy_16,24,8,0
1522,-489.04583740234375,-489.03369140625,-0.01214599609375,non_proxy_16,24,8,0
1523,-489.04583740234375,-489.03369140625,-0.01214599609375,non_proxy_16,24,8,0
1524,-489.04583740234375,-489.03369140625,-0.01214599609375,non_proxy_16,24,8,0
1525,-489.04248046875,-489.03369140625,-0.0087890625,non_proxy_16,24,8,0
1526,-489.04583740234375,-489.03369140625,-0.01214599609375,non_proxy_16,24,8,0
1527,-489.04248046875,-489.03369140625,-0.0087890625,non_proxy_16,24,8,0
1528,-489.04583740234375,-489.03369140625,-0.01214599609375,non_proxy_16,24,8,0
1529,-489.04583740234375,-489.03369140625,-0.01214599609375,non_proxy_16,24,8,0
1530,-489.04248046875,-489.03369140625,-0.0087890625,non_proxy_16,24,8,0
1531,-489.04248046875,-489.03369140625,-0.0087890625,non_proxy_16,24,8,0
1532,-489.04583740234375,-489.03369140625,-0.01214599609375,non_proxy_16,24,8,0
1533,-489.04583740234375,-489.03369140625,-0.01214599609375,non_proxy_16,24,8,0
1534,-489.04583740234375,-489.03369140625,-0.01214599609375,non_proxy_16,24,8,0
1535,-489.04583740234375,-489.03369140625,-0.01214599609375,non_proxy_16,24,8,0
1536,-489.04583740234375,-489.03369140625,-0.01214599609375,non_proxy_16,24,8,0
1537,-489.04248046875,-489.03369140625,-0.0087890625,non_proxy_16,24,8,0
1538,-489.04583740234375,-489.03369140625,-0.01214599609375,non_proxy_16,24,8,0
1539,-489.04248046875,-489.03369140625,-0.0087890625,non_proxy_16,24,8,0
1540,-489.04583740234375,-489.03369140625,-0.01214599609375,non_proxy_16,24,8,0
1541,-489.04583740234375,-489.03369140625,-0.01214599609375,non_proxy_16,24,8,0
1542,-489.04583740234375,-489.03369140625,-0.01214599609375,non_proxy_16,24,8,0
1543,-489.04583740234375,-489.03369140625,-0.01214599609375,non_proxy_16,24,8,0
1544,-489.04583740234375,-489.03369140625,-0.01214599609375,non_proxy_16,24,8,0
1545,-489.04583740234375,-489.03369140625,-0.01214599609375,non_proxy_16,24,8,0
1546,-489.04583740234375,-489.03369140625,-0.01214599609375,non_proxy_16,24,8,0
1547,-489.04583740234375,-489.03369140625,-0.01214599609375,non_proxy_16,24,8,0
1548,-489.04583740234375,-489.03369140625,-0.01214599609375,non_proxy_16,24,8,0
1549,-489.04248046875,-489.03369140625,-0.0087890625,non_proxy_16,24,8,0
1550,-489.04583740234375,-489.03369140625,-0.01214599609375,non_proxy_16,24,8,0
1551,-489.04248046875,-489.03369140625,-0.0087890625,non_proxy_16,24,8,0
1552,-489.04583740234375,-489.03369140625,-0.01214599609375,non_proxy_16,24,8,0
1553,-489.04583740234375,-489.03369140625,-0.01214599609375,non_proxy_16,24,8,0
1554,-489.04583740234375,-489.03369140625,-0.01214599609375,non_proxy_16,24,8,0
1555,-489.04583740234375,-489.03369140625,-0.01214599609375,non_proxy_16,24,8,0
1556,-489.04583740234375,-489.03369140625,-0.01214599609375,non_proxy_16,24,8,0
1557,-489.04248046875,-489.03369140625,-0.0087890625,non_proxy_16,24,8,0
1558,-489.04583740234375,-489.03369140625,-0.01214599609375,non_proxy_16,24,8,0
1559,-489.04583740234375,-489.03369140625,-0.01214599609375,non_proxy_16,24,8,0
1560,-489.0424499511719,-489.03369140625,-0.008758544921875,non_proxy_16,24,8,0
1561,-489.04248046875,-489.03369140625,-0.0087890625,non_proxy_16,24,8,0
1562,-489.04583740234375,-489.03369140625,-0.01214599609375,non_proxy_16,24,8,0
1563,-489.04583740234375,-489.03369140625,-0.01214599609375,non_proxy_16,24,8,0
1564,-489.04248046875,-489.03369140625,-0.0087890625,non_proxy_16,24,8,0
1565,-489.04583740234375,-489.03369140625,-0.01214599609375,non_proxy_16,24,8,0
1566,-489.04583740234375,-489.03369140625,-0.01214599609375,non_proxy_16,24,8,0
1567,-489.04248046875,-489.03369140625,-0.0087890625,non_proxy_16,24,8,0
1568,-489.04583740234375,-489.03369140625,-0.01214599609375,non_proxy_16,24,8,0
1569,-489.04583740234375,-489.03369140625,-0.01214599609375,non_proxy_16,24,8,0
1570,-489.04583740234375,-489.03369140625,-0.01214599609375,non_proxy_16,24,8,0
1571,-489.04583740234375,-489.03369140625,-0.01214599609375,non_proxy_16,24,8,0
1572,-489.04583740234375,-489.03369140625,-0.01214599609375,non_proxy_16,24,8,0
1573,-489.04248046875,-489.03369140625,-0.0087890625,non_proxy_16,24,8,0
1574,-489.04248046875,-489.03369140625,-0.0087890625,non_proxy_16,24,8,0
1575,-489.04583740234375,-489.03369140625,-0.01214599609375,non_proxy_16,24,8,0
1576,-489.04583740234375,-489.03369140625,-0.01214599609375,non_proxy_16,24,8,0
1577,-489.04583740234375,-489.03369140625,-0.01214599609375,non_proxy_16,24,8,0
1578,-489.04583740234375,-489.03369140625,-0.01214599609375,non_proxy_16,24,8,0
1579,-489.04583740234375,-489.03369140625,-0.01214599609375,non_proxy_16,24,8,0
1580,-489.04583740234375,-489.03369140625,-0.01214599609375,non_proxy_16,24,8,0
1581,-489.04583740234375,-489.03369140625,-0.01214599609375,non_proxy_16,24,8,0
1582,-489.04583740234375,-489.03369140625,-0.01214599609375,non_proxy_16,24,8,0
1583,-489.04583740234375,-489.03369140625,-0.01214599609375,non_proxy_16,24,8,0
1584,-489.04583740234375,-489.03369140625,-0.01214599609375,non_proxy_16,24,8,0
1585,-489.04583740234375,-489.03369140625,-0.01214599609375,non_proxy_16,24,8,0
1586,-489.04583740234375,-489.03369140625,-0.01214599609375,non_proxy_16,24,8,0
1587,-489.04583740234375,-489.03369140625,-0.01214599609375,non_proxy_16,24,8,0
1588,-489.04583740234375,-489.03369140625,-0.01214599609375,non_proxy_16,24,8,0
1589,-489.04248046875,-489.03369140625,-0.0087890625,non_proxy_16,24,8,0
1590,-489.04583740234375,-489.03369140625,-0.01214599609375,non_proxy_16,24,8,0
1591,-489.04583740234375,-489.03369140625,-0.01214599609375,non_proxy_16,24,8,0
1592,-489.04248046875,-489.03369140625,-0.0087890625,non_proxy_16,24,8,0
1593,-489.04583740234375,-489.03369140625,-0.01214599609375,non_proxy_16,24,8,0
1594,-489.04248046875,-489.03369140625,-0.0087890625,non_proxy_16,24,8,0
1595,-489.04248046875,-489.03369140625,-0.0087890625,non_proxy_16,24,8,0
1596,-489.04248046875,-489.03369140625,-0.0087890625,non_proxy_16,24,8,0
1597,-489.04583740234375,-489.03369140625,-0.01214599609375,non_proxy_16,24,8,0
1598,-489.04583740234375,-489.03369140625,-0.01214599609375,non_proxy_16,24,8,0
1599,-489.04248046875,-489.03369140625,-0.0087890625,non_proxy_16,24,8,0
1600,-489.04583740234375,-489.03369140625,-0.01214599609375,non_proxy_16,24,8,0
1601,-489.04248046875,-489.03369140625,-0.0087890625,non_proxy_16,24,8,0
1602,-489.04583740234375,-489.03369140625,-0.01214599609375,non_proxy_16,24,8,0
1603,-489.04583740234375,-489.03369140625,-0.01214599609375,non_proxy_16,24,8,0
1604,-489.04583740234375,-489.03369140625,-0.01214599609375,non_proxy_16,24,8,0
1605,-489.04583740234375,-489.03369140625,-0.01214599609375,non_proxy_16,24,8,0
1606,-489.04583740234375,-489.03369140625,-0.01214599609375,non_proxy_16,24,8,0
1607,-489.04583740234375,-489.03369140625,-0.01214599609375,non_proxy_16,24,8,0
1608,-489.04248046875,-489.03369140625,-0.0087890625,non_proxy_16,24,8,0
1609,-489.04583740234375,-489.03369140625,-0.01214599609375,non_proxy_16,24,8,0
1610,-489.04583740234375,-489.03369140625,-0.01214599609375,non_proxy_16,24,8,0
1611,-489.0424499511719,-489.03369140625,-0.008758544921875,non_proxy_16,24,8,0
1612,-489.04583740234375,-489.03369140625,-0.01214599609375,non_proxy_16,24,8,0
1613,-489.04583740234375,-489.03369140625,-0.01214599609375,non_proxy_16,24,8,0
1614,-489.04583740234375,-489.03369140625,-0.01214599609375,non_proxy_16,24,8,0
1615,-489.04583740234375,-489.03369140625,-0.01214599609375,non_proxy_16,24,8,0
1616,-489.04248046875,-489.03369140625,-0.0087890625,non_proxy_16,24,8,0
1617,-489.04583740234375,-489.03369140625,-0.01214599609375,non_proxy_16,24,8,0
1618,-489.04583740234375,-489.03369140625,-0.01214599609375,non_proxy_16,24,8,0
1619,-489.04583740234375,-489.03369140625,-0.01214599609375,non_proxy_16,24,8,0
1620,-489.04583740234375,-489.03369140625,-0.01214599609375,non_proxy_16,24,8,0
1621,-489.04248046875,-489.03369140625,-0.0087890625,non_proxy_16,24,8,0
1622,-489.04583740234375,-489.03369140625,-0.01214599609375,non_proxy_16,24,8,0
1623,-489.04583740234375,-489.03369140625,-0.01214599609375,non_proxy_16,24,8,0
1624,-489.04248046875,-489.03369140625,-0.0087890625,non_proxy_16,24,8,0
1625,-489.04248046875,-489.03369140625,-0.0087890625,non_proxy_16,24,8,0
1626,-489.04248046875,-489.03369140625,-0.0087890625,non_proxy_16,24,8,0
1627,-489.04583740234375,-489.03369140625,-0.01214599609375,non_proxy_16,24,8,0
1628,-489.04248046875,-489.03369140625,-0.0087890625,non_proxy_16,24,8,0
1629,-489.04583740234375,-489.03369140625,-0.01214599609375,non_proxy_16,24,8,0
1630,-489.04583740234375,-489.03369140625,-0.01214599609375,non_proxy_16,24,8,0
1631,-489.04583740234375,-489.03369140625,-0.01214599609375,non_proxy_16,24,8,0
1632,-489.04583740234375,-489.03369140625,-0.01214599609375,non_proxy_16,24,8,0
1633,-489.04248046875,-489.03369140625,-0.0087890625,non_proxy_16,24,8,0
1634,-489.04583740234375,-489.03369140625,-0.01214599609375,non_proxy_16,24,8,0
1635,-489.04583740234375,-489.03369140625,-0.01214599609375,non_proxy_16,24,8,0
1636,-489.04583740234375,-489.03369140625,-0.01214599609375,non_proxy_16,24,8,0
1637,-489.04583740234375,-489.03369140625,-0.01214599609375,non_proxy_16,24,8,0
1638,-489.0424499511719,-489.03369140625,-0.008758544921875,non_proxy_16,24,8,0
1639,-489.04583740234375,-489.03369140625,-0.01214599609375,non_proxy_16,24,8,0
1640,-489.04583740234375,-489.03369140625,-0.01214599609375,non_proxy_16,24,8,0
1641,-489.04583740234375,-489.03369140625,-0.01214599609375,non_proxy_16,24,8,0
1642,-489.04583740234375,-489.03369140625,-0.01214599609375,non_proxy_16,24,8,0
1643,-489.04583740234375,-489.03369140625,-0.01214599609375,non_proxy_16,24,8,0
1644,-489.04583740234375,-489.03369140625,-0.01214599609375,non_proxy_16,24,8,0
1645,-489.04583740234375,-489.03369140625,-0.01214599609375,non_proxy_16,24,8,0
1646,-489.04248046875,-489.03369140625,-0.0087890625,non_proxy_16,24,8,0
1647,-489.04248046875,-489.03369140625,-0.0087890625,non_proxy_16,24,8,0
1648,-489.04248046875,-489.03369140625,-0.0087890625,non_proxy_16,24,8,0
1649,-489.04583740234375,-489.03369140625,-0.01214599609375,non_proxy_16,24,8,0
1650,-489.0424499511719,-489.03369140625,-0.008758544921875,non_proxy_16,24,8,0
1651,-489.04583740234375,-489.03369140625,-0.01214599609375,non_proxy_16,24,8,0
1652,-489.04583740234375,-489.03369140625,-0.01214599609375,non_proxy_16,24,8,0
1653,-489.04583740234375,-489.03369140625,-0.01214599609375,non_proxy_16,24,8,0
1654,-489.04248046875,-489.03369140625,-0.0087890625,non_proxy_16,24,8,0
1655,-489.04583740234375,-489.03369140625,-0.01214599609375,non_proxy_16,24,8,0
1656,-489.04583740234375,-489.03369140625,-0.01214599609375,non_proxy_16,24,8,0
1657,-489.04248046875,-489.03369140625,-0.0087890625,non_proxy_16,24,8,0
1658,-489.04583740234375,-489.03369140625,-0.01214599609375,non_proxy_16,24,8,0
1659,-489.04583740234375,-489.03369140625,-0.01214599609375,non_proxy_16,24,8,0
1660,-489.04248046875,-489.03369140625,-0.0087890625,non_proxy_16,24,8,0
1661,-489.04583740234375,-489.03369140625,-0.01214599609375,non_proxy_16,24,8,0
1662,-489.04583740234375,-489.03369140625,-0.01214599609375,non_proxy_16,24,8,0
1663,-489.04583740234375,-489.03369140625,-0.01214599609375,non_proxy_16,24,8,0
1664,-489.04583740234375,-489.03369140625,-0.01214599609375,non_proxy_16,24,8,0
1665,-489.04583740234375,-489.03369140625,-0.01214599609375,non_proxy_16,24,8,0
1666,-489.04583740234375,-489.03369140625,-0.01214599609375,non_proxy_16,24,8,0
1667,-489.04583740234375,-489.03369140625,-0.01214599609375,non_proxy_16,24,8,0
1668,-489.04583740234375,-489.03369140625,-0.01214599609375,non_proxy_16,24,8,0
1669,-489.04583740234375,-489.03369140625,-0.01214599609375,non_proxy_16,24,8,0
1670,-489.04583740234375,-489.03369140625,-0.01214599609375,non_proxy_16,24,8,0
1671,-489.04583740234375,-489.03369140625,-0.01214599609375,non_proxy_16,24,8,0
1672,-489.04583740234375,-489.03369140625,-0.01214599609375,non_proxy_16,24,8,0
1673,-489.04248046875,-489.03369140625,-0.0087890625,non_proxy_16,24,8,0
1674,-489.04583740234375,-489.03369140625,-0.01214599609375,non_proxy_16,24,8,0
1675,-489.04248046875,-489.03369140625,-0.0087890625,non_proxy_16,24,8,0
1676,-489.04583740234375,-489.03369140625,-0.01214599609375,non_proxy_16,24,8,0
1677,-489.04583740234375,-489.03369140625,-0.01214599609375,non_proxy_16,24,8,0
1678,-489.04583740234375,-489.03369140625,-0.01214599609375,non_proxy_16,24,8,0
1679,-489.04583740234375,-489.03369140625,-0.01214599609375,non_proxy_16,24,8,0
1680,-489.04583740234375,-489.03369140625,-0.01214599609375,non_proxy_16,24,8,0
1681,-489.04583740234375,-489.03369140625,-0.01214599609375,non_proxy_16,24,8,0
1682,-489.04583740234375,-489.03369140625,-0.01214599609375,non_proxy_16,24,8,0
1683,-489.04248046875,-489.03369140625,-0.0087890625,non_proxy_16,24,8,0
1684,-489.04248046875,-489.03369140625,-0.0087890625,non_proxy_16,24,8,0
1685,-489.04583740234375,-489.03369140625,-0.01214599609375,non_proxy_16,24,8,0
1686,-489.04583740234375,-489.03369140625,-0.01214599609375,non_proxy_16,24,8,0
1687,-489.04583740234375,-489.03369140625,-0.01214599609375,non_proxy_16,24,8,0
1688,-489.04583740234375,-489.03369140625,-0.01214599609375,non_proxy_16,24,8,0
1689,-489.04583740234375,-489.03369140625,-0.01214599609375,non_proxy_16,24,8,0
1690,-489.04583740234375,-489.03369140625,-0.01214599609375,non_proxy_16,24,8,0
1691,-489.04583740234375,-489.03369140625,-0.01214599609375,non_proxy_16,24,8,0
1692,-489.04583740234375,-489.03369140625,-0.01214599609375,non_proxy_16,24,8,0
1693,-489.04248046875,-489.03369140625,-0.0087890625,non_proxy_16,24,8,0
1694,-489.04583740234375,-489.03369140625,-0.01214599609375,non_proxy_16,24,8,0
1695,-489.04248046875,-489.03369140625,-0.0087890625,non_proxy_16,24,8,0
1696,-489.04583740234375,-489.03369140625,-0.01214599609375,non_proxy_16,24,8,0
1697,-489.04583740234375,-489.03369140625,-0.01214599609375,non_proxy_16,24,8,0
1698,-489.04583740234375,-489.03369140625,-0.01214599609375,non_proxy_16,24,8,0
1699,-489.04248046875,-489.03369140625,-0.0087890625,non_proxy_16,24,8,0
1700,-489.04583740234375,-489.03369140625,-0.01214599609375,non_proxy_16,24,8,0
1701,-489.04583740234375,-489.03369140625,-0.01214599609375,non_proxy_16,24,8,0
1702,-489.04583740234375,-489.03369140625,-0.01214599609375,non_proxy_16,24,8,0
1703,-489.04583740234375,-489.03369140625,-0.01214599609375,non_proxy_16,24,8,0
1704,-489.04583740234375,-489.03369140625,-0.01214599609375,non_proxy_16,24,8,0
1705,-489.04248046875,-489.03369140625,-0.0087890625,non_proxy_16,24,8,0
1706,-489.04583740234375,-489.03369140625,-0.01214599609375,non_proxy_16,24,8,0
1707,-489.04583740234375,-489.03369140625,-0.01214599609375,non_proxy_16,24,8,0
1708,-489.04583740234375,-489.03369140625,-0.01214599609375,non_proxy_16,24,8,0
1709,-489.04583740234375,-489.03369140625,-0.01214599609375,non_proxy_16,24,8,0
1710,-489.04583740234375,-489.03369140625,-0.01214599609375,non_proxy_16,24,8,0
1711,-489.04583740234375,-489.03369140625,-0.01214599609375,non_proxy_16,24,8,0
1712,-489.04583740234375,-489.03369140625,-0.01214599609375,non_proxy_16,24,8,0
1713,-489.04248046875,-489.03369140625,-0.0087890625,non_proxy_16,24,8,0
1714,-489.04583740234375,-489.03369140625,-0.01214599609375,non_proxy_16,24,8,0
1715,-489.04583740234375,-489.03369140625,-0.01214599609375,non_proxy_16,24,8,0
1716,-489.04583740234375,-489.03369140625,-0.01214599609375,non_proxy_16,24,8,0
1717,-489.0424499511719,-489.03369140625,-0.008758544921875,non_proxy_16,24,8,0
1718,-489.04583740234375,-489.03369140625,-0.01214599609375,non_proxy_16,24,8,0
1719,-489.04583740234375,-489.03369140625,-0.01214599609375,non_proxy_16,24,8,0
1720,-489.04583740234375,-489.03369140625,-0.01214599609375,non_proxy_16,24,8,0
1721,-489.04583740234375,-489.03369140625,-0.01214599609375,non_proxy_16,24,8,0
1722,-489.04583740234375,-489.03369140625,-0.01214599609375,non_proxy_16,24,8,0
1723,-489.04583740234375,-489.03369140625,-0.01214599609375,non_proxy_16,24,8,0
1724,-489.04583740234375,-489.03369140625,-0.01214599609375,non_proxy_16,24,8,0
1725,-489.04583740234375,-489.03369140625,-0.01214599609375,non_proxy_16,24,8,0
1726,-489.04583740234375,-489.03369140625,-0.01214599609375,non_proxy_16,24,8,0
1727,-489.04583740234375,-489.03369140625,-0.01214599609375,non_proxy_16,24,8,0
1728,-489.04248046875,-489.03369140625,-0.0087890625,non_proxy_16,24,8,0
1729,-489.04248046875,-489.03369140625,-0.0087890625,non_proxy_16,24,8,0
1730,-489.04583740234375,-489.03369140625,-0.01214599609375,non_proxy_16,24,8,0
1731,-489.04248046875,-489.03369140625,-0.0087890625,non_proxy_16,24,8,0
1732,-489.04583740234375,-489.03369140625,-0.01214599609375,non_proxy_16,24,8,0
1733,-489.04248046875,-489.03369140625,-0.0087890625,non_proxy_16,24,8,0
1734,-489.04583740234375,-489.03369140625,-0.01214599609375,non_proxy_16,24,8,0
1735,-489.04583740234375,-489.03369140625,-0.01214599609375,non_proxy_16,24,8,0
1736,-489.04583740234375,-489.03369140625,-0.01214599609375,non_proxy_16,24,8,0
1737,-489.04583740234375,-489.03369140625,-0.01214599609375,non_proxy_16,24,8,0
1738,-489.04583740234375,-489.03369140625,-0.01214599609375,non_proxy_16,24,8,0
1739,-489.04583740234375,-489.03369140625,-0.01214599609375,non_proxy_16,24,8,0
1740,-489.0424499511719,-489.03369140625,-0.008758544921875,non_proxy_16,24,8,0
1741,-489.04583740234375,-489.03369140625,-0.01214599609375,non_proxy_16,24,8,0
1742,-489.04583740234375,-489.03369140625,-0.01214599609375,non_proxy_16,24,8,0
1743,-489.04583740234375,-489.03369140625,-0.01214599609375,non_proxy_16,24,8,0
1744,-489.04248046875,-489.03369140625,-0.0087890625,non_proxy_16,24,8,0
1745,-489.04583740234375,-489.03369140625,-0.01214599609375,non_proxy_16,24,8,0
1746,-489.04583740234375,-489.03369140625,-0.01214599609375,non_proxy_16,24,8,0
1747,-489.04583740234375,-489.03369140625,-0.01214599609375,non_proxy_16,24,8,0
1748,-489.04583740234375,-489.03369140625,-0.01214599609375,non_proxy_16,24,8,0
1749,-489.04583740234375,-489.03369140625,-0.01214599609375,non_proxy_16,24,8,0
1750,-489.04583740234375,-489.03369140625,-0.01214599609375,non_proxy_16,24,8,0
1751,-489.04583740234375,-489.03369140625,-0.01214599609375,non_proxy_16,24,8,0
1752,-489.04248046875,-489.03369140625,-0.0087890625,non_proxy_16,24,8,0
1753,-489.04583740234375,-489.03369140625,-0.01214599609375,non_proxy_16,24,8,0
1754,-489.04583740234375,-489.03369140625,-0.01214599609375,non_proxy_16,24,8,0
1755,-489.04583740234375,-489.03369140625,-0.01214599609375,non_proxy_16,24,8,0
1756,-489.04583740234375,-489.03369140625,-0.01214599609375,non_proxy_16,24,8,0
1757,-489.04583740234375,-489.03369140625,-0.01214599609375,non_proxy_16,24,8,0
1758,-489.04583740234375,-489.03369140625,-0.01214599609375,non_proxy_16,24,8,0
1759,-489.04583740234375,-489.03369140625,-0.01214599609375,non_proxy_16,24,8,0
1760,-489.04583740234375,-489.03369140625,-0.01214599609375,non_proxy_16,24,8,0
1761,-489.04583740234375,-489.03369140625,-0.01214599609375,non_proxy_16,24,8,0
1762,-489.04248046875,-489.03369140625,-0.0087890625,non_proxy_16,24,8,0
1763,-489.04248046875,-489.03369140625,-0.0087890625,non_proxy_16,24,8,0
1764,-489.04583740234375,-489.03369140625,-0.01214599609375,non_proxy_16,24,8,0
1765,-489.04248046875,-489.03369140625,-0.0087890625,non_proxy_16,24,8,0
1766,-489.04248046875,-489.03369140625,-0.0087890625,non_proxy_16,24,8,0
1767,-489.04583740234375,-489.03369140625,-0.01214599609375,non_proxy_16,24,8,0
1768,-489.04583740234375,-489.03369140625,-0.01214599609375,non_proxy_16,24,8,0
1769,-489.04583740234375,-489.03369140625,-0.01214599609375,non_proxy_16,24,8,0
1770,-489.04583740234375,-489.03369140625,-0.01214599609375,non_proxy_16,24,8,0
1771,-489.04583740234375,-489.03369140625,-0.01214599609375,non_proxy_16,24,8,0
1772,-489.04583740234375,-489.03369140625,-0.01214599609375,non_proxy_16,24,8,0
1773,-489.04583740234375,-489.03369140625,-0.01214599609375,non_proxy_16,24,8,0
1774,-489.04583740234375,-489.03369140625,-0.01214599609375,non_proxy_16,24,8,0
1775,-489.0424499511719,-489.03369140625,-0.008758544921875,non_proxy_16,24,8,0
1776,-489.04583740234375,-489.03369140625,-0.01214599609375,non_proxy_16,24,8,0
1777,-489.04583740234375,-489.03369140625,-0.01214599609375,non_proxy_16,24,8,0
1778,-489.04583740234375,-489.03369140625,-0.01214599609375,non_proxy_16,24,8,0
1779,-489.04248046875,-489.03369140625,-0.0087890625,non_proxy_16,24,8,0
1780,-489.04583740234375,-489.03369140625,-0.01214599609375,non_proxy_16,24,8,0
1781,-489.04248046875,-489.03369140625,-0.0087890625,non_proxy_16,24,8,0
1782,-489.04583740234375,-489.03369140625,-0.01214599609375,non_proxy_16,24,8,0
1783,-489.04583740234375,-489.03369140625,-0.01214599609375,non_proxy_16,24,8,0
1784,-489.04583740234375,-489.03369140625,-0.01214599609375,non_proxy_16,24,8,0
1785,-489.04583740234375,-489.03369140625,-0.01214599609375,non_proxy_16,24,8,0
1786,-489.04583740234375,-489.03369140625,-0.01214599609375,non_proxy_16,24,8,0
1787,-489.04583740234375,-489.03369140625,-0.01214599609375,non_proxy_16,24,8,0
1788,-489.04583740234375,-489.03369140625,-0.01214599609375,non_proxy_16,24,8,0
1789,-489.04583740234375,-489.03369140625,-0.01214599609375,non_proxy_16,24,8,0
1790,-489.04583740234375,-489.03369140625,-0.01214599609375,non_proxy_16,24,8,0
1791,-489.04583740234375,-489.03369140625,-0.01214599609375,non_proxy_16,24,8,0
1792,-489.04583740234375,-489.03369140625,-0.01214599609375,non_proxy_16,24,8,0
1793,-489.04583740234375,-489.03369140625,-0.01214599609375,non_proxy_16,24,8,0
1794,-489.0424499511719,-489.03369140625,-0.008758544921875,non_proxy_16,24,8,0
1795,-489.04583740234375,-489.03369140625,-0.01214599609375,non_proxy_16,24,8,0
1796,-489.04583740234375,-489.03369140625,-0.01214599609375,non_proxy_16,24,8,0
1797,-489.04583740234375,-489.03369140625,-0.01214599609375,non_proxy_16,24,8,0
1798,-489.04248046875,-489.03369140625,-0.0087890625,non_proxy_16,24,8,0
1799,-489.04583740234375,-489.03369140625,-0.01214599609375,non_proxy_16,24,8,0
1800,-489.0424499511719,-489.03369140625,-0.008758544921875,non_proxy_16,24,8,0
1801,-489.04248046875,-489.03369140625,-0.0087890625,non_proxy_16,24,8,0
1802,-489.04248046875,-489.03369140625,-0.0087890625,non_proxy_16,24,8,0
1803,-489.04583740234375,-489.03369140625,-0.01214599609375,non_proxy_16,24,8,0
1804,-489.04583740234375,-489.03369140625,-0.01214599609375,non_proxy_16,24,8,0
1805,-489.04583740234375,-489.03369140625,-0.01214599609375,non_proxy_16,24,8,0
1806,-489.04583740234375,-489.03369140625,-0.01214599609375,non_proxy_16,24,8,0
1807,-489.04248046875,-489.03369140625,-0.0087890625,non_proxy_16,24,8,0
1808,-489.04583740234375,-489.03369140625,-0.01214599609375,non_proxy_16,24,8,0
1809,-489.04583740234375,-489.03369140625,-0.01214599609375,non_proxy_16,24,8,0
1810,-489.04583740234375,-489.03369140625,-0.01214599609375,non_proxy_16,24,8,0
1811,-489.04248046875,-489.03369140625,-0.0087890625,non_proxy_16,24,8,0
1812,-489.04583740234375,-489.03369140625,-0.01214599609375,non_proxy_16,24,8,0
1813,-489.04583740234375,-489.03369140625,-0.01214599609375,non_proxy_16,24,8,0
1814,-489.04583740234375,-489.03369140625,-0.01214599609375,non_proxy_16,24,8,0
1815,-489.04248046875,-489.03369140625,-0.0087890625,non_proxy_16,24,8,0
1816,-489.04583740234375,-489.03369140625,-0.01214599609375,non_proxy_16,24,8,0
1817,-489.04583740234375,-489.03369140625,-0.01214599609375,non_proxy_16,24,8,0
1818,-489.04583740234375,-489.03369140625,-0.01214599609375,non_proxy_16,24,8,0
1819,-489.04583740234375,-489.03369140625,-0.01214599609375,non_proxy_16,24,8,0
1820,-489.04248046875,-489.03369140625,-0.0087890625,non_proxy_16,24,8,0
1821,-489.04583740234375,-489.03369140625,-0.01214599609375,non_proxy_16,24,8,0
1822,-489.04583740234375,-489.03369140625,-0.01214599609375,non_proxy_16,24,8,0
1823,-489.04583740234375,-489.03369140625,-0.01214599609375,non_proxy_16,24,8,0
1824,-489.04248046875,-489.03369140625,-0.0087890625,non_proxy_16,24,8,0
1825,-489.04583740234375,-489.03369140625,-0.01214599609375,non_proxy_16,24,8,0
1826,-489.04583740234375,-489.03369140625,-0.01214599609375,non_proxy_16,24,8,0
1827,-489.04248046875,-489.03369140625,-0.0087890625,non_proxy_16,24,8,0
1828,-489.04583740234375,-489.03369140625,-0.01214599609375,non_proxy_16,24,8,0
1829,-489.04583740234375,-489.03369140625,-0.01214599609375,non_proxy_16,24,8,0
1830,-489.0424499511719,-489.03369140625,-0.008758544921875,non_proxy_16,24,8,0
1831,-489.04583740234375,-489.03369140625,-0.01214599609375,non_proxy_16,24,8,0
1832,-489.04583740234375,-489.03369140625,-0.01214599609375,non_proxy_16,24,8,0
1833,-489.04583740234375,-489.03369140625,-0.01214599609375,non_proxy_16,24,8,0
1834,-489.04248046875,-489.03369140625,-0.0087890625,non_proxy_16,24,8,0
1835,-489.0424499511719,-489.03369140625,-0.008758544921875,non_proxy_16,24,8,0
1836,-489.04583740234375,-489.03369140625,-0.01214599609375,non_proxy_16,24,8,0
1837,-489.04583740234375,-489.03369140625,-0.01214599609375,non_proxy_16,24,8,0
1838,-489.04583740234375,-489.03369140625,-0.01214599609375,non_proxy_16,24,8,0
1839,-489.04248046875,-489.03369140625,-0.0087890625,non_proxy_16,24,8,0
1840,-489.04583740234375,-489.03369140625,-0.01214599609375,non_proxy_16,24,8,0
1841,-489.04248046875,-489.03369140625,-0.0087890625,non_proxy_16,24,8,0
1842,-489.04583740234375,-489.03369140625,-0.01214599609375,non_proxy_16,24,8,0
1843,-489.04248046875,-489.03369140625,-0.0087890625,non_proxy_16,24,8,0
1844,-489.04583740234375,-489.03369140625,-0.01214599609375,non_proxy_16,24,8,0
1845,-489.04583740234375,-489.03369140625,-0.01214599609375,non_proxy_16,24,8,0
1846,-489.04583740234375,-489.03369140625,-0.01214599609375,non_proxy_16,24,8,0
1847,-489.04583740234375,-489.03369140625,-0.01214599609375,non_proxy_16,24,8,0
1848,-489.04583740234375,-489.03369140625,-0.01214599609375,non_proxy_16,24,8,0
1849,-489.04583740234375,-489.03369140625,-0.01214599609375,non_proxy_16,24,8,0
1850,-489.04583740234375,-489.03369140625,-0.01214599609375,non_proxy_16,24,8,0
1851,-489.04583740234375,-489.03369140625,-0.01214599609375,non_proxy_16,24,8,0
1852,-489.04583740234375,-489.03369140625,-0.01214599609375,non_proxy_16,24,8,0
1853,-489.04583740234375,-489.03369140625,-0.01214599609375,non_proxy_16,24,8,0
1854,-489.04583740234375,-489.03369140625,-0.01214599609375,non_proxy_16,24,8,0
1855,-489.04583740234375,-489.03369140625,-0.01214599609375,non_proxy_16,24,8,0
1856,-489.0424499511719,-489.03369140625,-0.008758544921875,non_proxy_16,24,8,0
1857,-489.04583740234375,-489.03369140625,-0.01214599609375,non_proxy_16,24,8,0
1858,-489.04583740234375,-489.03369140625,-0.01214599609375,non_proxy_16,24,8,0
1859,-489.04583740234375,-489.03369140625,-0.01214599609375,non_proxy_16,24,8,0
1860,-489.04248046875,-489.03369140625,-0.0087890625,non_proxy_16,24,8,0
1861,-489.04583740234375,-489.03369140625,-0.01214599609375,non_proxy_16,24,8,0
1862,-489.04583740234375,-489.03369140625,-0.01214599609375,non_proxy_16,24,8,0
1863,-489.04583740234375,-489.03369140625,-0.01214599609375,non_proxy_16,24,8,0
1864,-489.04583740234375,-489.03369140625,-0.01214599609375,non_proxy_16,24,8,0
1865,-489.04583740234375,-489.03369140625,-0.01214599609375,non_proxy_16,24,8,0
1866,-489.04583740234375,-489.03369140625,-0.01214599609375,non_proxy_16,24,8,0
1867,-489.04248046875,-489.03369140625,-0.0087890625,non_proxy_16,24,8,0
1868,-489.04583740234375,-489.03369140625,-0.01214599609375,non_proxy_16,24,8,0
1869,-489.04583740234375,-489.03369140625,-0.01214599609375,non_proxy_16,24,8,0
1870,-489.04583740234375,-489.03369140625,-0.01214599609375,non_proxy_16,24,8,0
1871,-489.04248046875,-489.03369140625,-0.0087890625,non_proxy_16,24,8,0
1872,-489.04583740234375,-489.03369140625,-0.01214599609375,non_proxy_16,24,8,0
1873,-489.04248046875,-489.03369140625,-0.0087890625,non_proxy_16,24,8,0
1874,-489.04583740234375,-489.03369140625,-0.01214599609375,non_proxy_16,24,8,0
1875,-489.04248046875,-489.03369140625,-0.0087890625,non_proxy_16,24,8,0
1876,-489.04583740234375,-489.03369140625,-0.01214599609375,non_proxy_16,24,8,0
1877,-489.04583740234375,-489.03369140625,-0.01214599609375,non_proxy_16,24,8,0
1878,-489.04583740234375,-489.03369140625,-0.01214599609375,non_proxy_16,24,8,0
1879,-489.04583740234375,-489.03369140625,-0.01214599609375,non_proxy_16,24,8,0
1880,-489.04583740234375,-489.03369140625,-0.01214599609375,non_proxy_16,24,8,0
1881,-489.04583740234375,-489.03369140625,-0.01214599609375,non_proxy_16,24,8,0
1882,-489.04583740234375,-489.03369140625,-0.01214599609375,non_proxy_16,24,8,0
1883,-489.04583740234375,-489.03369140625,-0.01214599609375,non_proxy_16,24,8,0
1884,-489.04583740234375,-489.03369140625,-0.01214599609375,non_proxy_16,24,8,0
1885,-489.04583740234375,-489.03369140625,-0.01214599609375,non_proxy_16,24,8,0
1886,-489.04583740234375,-489.03369140625,-0.01214599609375,non_proxy_16,24,8,0
1887,-489.04583740234375,-489.03369140625,-0.01214599609375,non_proxy_16,24,8,0
1888,-489.04583740234375,-489.03369140625,-0.01214599609375,non_proxy_16,24,8,0
1889,-489.04583740234375,-489.03369140625,-0.01214599609375,non_proxy_16,24,8,0
1890,-489.04583740234375,-489.03369140625,-0.01214599609375,non_proxy_16,24,8,0
1891,-489.04583740234375,-489.03369140625,-0.01214599609375,non_proxy_16,24,8,0
1892,-489.04583740234375,-489.03369140625,-0.01214599609375,non_proxy_16,24,8,0
1893,-489.04583740234375,-489.03369140625,-0.01214599609375,non_proxy_16,24,8,0
1894,-489.04583740234375,-489.03369140625,-0.01214599609375,non_proxy_16,24,8,0
1895,-489.04583740234375,-489.03369140625,-0.01214599609375,non_proxy_16,24,8,0
1896,-489.04248046875,-489.03369140625,-0.0087890625,non_proxy_16,24,8,0
1897,-489.04583740234375,-489.03369140625,-0.01214599609375,non_proxy_16,24,8,0
1898,-489.04583740234375,-489.03369140625,-0.01214599609375,non_proxy_16,24,8,0
1899,-489.04583740234375,-489.03369140625,-0.01214599609375,non_proxy_16,24,8,0
1900,-489.04583740234375,-489.03369140625,-0.01214599609375,non_proxy_16,24,8,0
1901,-489.04583740234375,-489.03369140625,-0.01214599609375,non_proxy_16,24,8,0
1902,-489.04583740234375,-489.03369140625,-0.01214599609375,non_proxy_16,24,8,0
1903,-489.04248046875,-489.03369140625,-0.0087890625,non_proxy_16,24,8,0
1904,-489.04248046875,-489.03369140625,-0.0087890625,non_proxy_16,24,8,0
1905,-489.04583740234375,-489.03369140625,-0.01214599609375,non_proxy_16,24,8,0
1906,-489.0424499511719,-489.03369140625,-0.008758544921875,non_proxy_16,24,8,0
1907,-489.04248046875,-489.03369140625,-0.0087890625,non_proxy_16,24,8,0
1908,-489.04583740234375,-489.03369140625,-0.01214599609375,non_proxy_16,24,8,0
1909,-489.04583740234375,-489.03369140625,-0.01214599609375,non_proxy_16,24,8,0
1910,-489.04583740234375,-489.03369140625,-0.01214599609375,non_proxy_16,24,8,0
1911,-489.04248046875,-489.03369140625,-0.0087890625,non_proxy_16,24,8,0
1912,-489.04583740234375,-489.03369140625,-0.01214599609375,non_proxy_16,24,8,0
1913,-489.04583740234375,-489.03369140625,-0.01214599609375,non_proxy_16,24,8,0
1914,-489.04248046875,-489.03369140625,-0.0087890625,non_proxy_16,24,8,0
1915,-489.04248046875,-489.03369140625,-0.0087890625,non_proxy_16,24,8,0
1916,-489.04248046875,-489.03369140625,-0.0087890625,non_proxy_16,24,8,0
1917,-489.04583740234375,-489.03369140625,-0.01214599609375,non_proxy_16,24,8,0
1918,-489.04583740234375,-489.03369140625,-0.01214599609375,non_proxy_16,24,8,0
1919,-489.04583740234375,-489.03369140625,-0.01214599609375,non_proxy_16,24,8,0
1920,-489.04583740234375,-489.03369140625,-0.01214599609375,non_proxy_16,24,8,0
1921,-489.04583740234375,-489.03369140625,-0.01214599609375,non_proxy_16,24,8,0
1922,-489.04583740234375,-489.03369140625,-0.01214599609375,non_proxy_16,24,8,0
1923,-489.04583740234375,-489.03369140625,-0.01214599609375,non_proxy_16,24,8,0
1924,-489.04583740234375,-489.03369140625,-0.01214599609375,non_proxy_16,24,8,0
1925,-489.04583740234375,-489.03369140625,-0.01214599609375,non_proxy_16,24,8,0
1926,-489.04248046875,-489.03369140625,-0.0087890625,non_proxy_16,24,8,0
1927,-489.04583740234375,-489.03369140625,-0.01214599609375,non_proxy_16,24,8,0
1928,-489.04248046875,-489.03369140625,-0.0087890625,non_proxy_16,24,8,0
1929,-489.04583740234375,-489.03369140625,-0.01214599609375,non_proxy_16,24,8,0
1930,-489.04248046875,-489.03369140625,-0.0087890625,non_proxy_16,24,8,0
1931,-489.04583740234375,-489.03369140625,-0.01214599609375,non_proxy_16,24,8,0
1932,-489.04248046875,-489.03369140625,-0.0087890625,non_proxy_16,24,8,0
1933,-489.04248046875,-489.03369140625,-0.0087890625,non_proxy_16,24,8,0
1934,-489.04583740234375,-489.03369140625,-0.01214599609375,non_proxy_16,24,8,0
1935,-489.04583740234375,-489.03369140625,-0.01214599609375,non_proxy_16,24,8,0
1936,-489.04583740234375,-489.03369140625,-0.01214599609375,non_proxy_16,24,8,0
1937,-489.04583740234375,-489.03369140625,-0.01214599609375,non_proxy_16,24,8,0
1938,-489.04583740234375,-489.03369140625,-0.01214599609375,non_proxy_16,24,8,0
1939,-489.04583740234375,-489.03369140625,-0.01214599609375,non_proxy_16,24,8,0
1940,-489.04583740234375,-489.03369140625,-0.01214599609375,non_proxy_16,24,8,0
1941,-489.04583740234375,-489.03369140625,-0.01214599609375,non_proxy_16,24,8,0
1942,-489.04583740234375,-489.03369140625,-0.01214599609375,non_proxy_16,24,8,0
1943,-489.04583740234375,-489.03369140625,-0.01214599609375,non_proxy_16,24,8,0
1944,-489.04248046875,-489.03369140625,-0.0087890625,non_proxy_16,24,8,0
1945,-489.04583740234375,-489.03369140625,-0.01214599609375,non_proxy_16,24,8,0
1946,-489.04583740234375,-489.03369140625,-0.01214599609375,non_proxy_16,24,8,0
1947,-489.04248046875,-489.03369140625,-0.0087890625,non_proxy_16,24,8,0
1948,-489.04583740234375,-489.03369140625,-0.01214599609375,non_proxy_16,24,8,0
1949,-489.04248046875,-489.03369140625,-0.0087890625,non_proxy_16,24,8,0
1950,-489.04583740234375,-489.03369140625,-0.01214599609375,non_proxy_16,24,8,0
1951,-489.04583740234375,-489.03369140625,-0.01214599609375,non_proxy_16,24,8,0
1952,-489.04583740234375,-489.03369140625,-0.01214599609375,non_proxy_16,24,8,0
1953,-489.04248046875,-489.03369140625,-0.0087890625,non_proxy_16,24,8,0
1954,-489.04583740234375,-489.03369140625,-0.01214599609375,non_proxy_16,24,8,0
1955,-489.04583740234375,-489.03369140625,-0.01214599609375,non_proxy_16,24,8,0
1956,-489.04583740234375,-489.03369140625,-0.01214599609375,non_proxy_16,24,8,0
1957,-489.04583740234375,-489.03369140625,-0.01214599609375,non_proxy_16,24,8,0
1958,-489.04583740234375,-489.03369140625,-0.01214599609375,non_proxy_16,24,8,0
1959,-489.04583740234375,-489.03369140625,-0.01214599609375,non_proxy_16,24,8,0
1960,-489.04583740234375,-489.03369140625,-0.01214599609375,non_proxy_16,24,8,0
1961,-489.04583740234375,-489.03369140625,-0.01214599609375,non_proxy_16,24,8,0
1962,-489.04583740234375,-489.03369140625,-0.01214599609375,non_proxy_16,24,8,0
1963,-489.04583740234375,-489.03369140625,-0.01214599609375,non_proxy_16,24,8,0
1964,-489.04583740234375,-489.03369140625,-0.01214599609375,non_proxy_16,24,8,0
1965,-489.04583740234375,-489.03369140625,-0.01214599609375,non_proxy_16,24,8,0
1966,-489.04583740234375,-489.03369140625,-0.01214599609375,non_proxy_16,24,8,0
1967,-489.04583740234375,-489.03369140625,-0.01214599609375,non_proxy_16,24,8,0
1968,-489.04583740234375,-489.03369140625,-0.01214599609375,non_proxy_16,24,8,0
1969,-489.04583740234375,-489.03369140625,-0.01214599609375,non_proxy_16,24,8,0
1970,-489.04583740234375,-489.03369140625,-0.01214599609375,non_proxy_16,24,8,0
1971,-489.04248046875,-489.03369140625,-0.0087890625,non_proxy_16,24,8,0
1972,-489.04583740234375,-489.03369140625,-0.01214599609375,non_proxy_16,24,8,0
1973,-489.04583740234375,-489.03369140625,-0.01214599609375,non_proxy_16,24,8,0
1974,-489.04583740234375,-489.03369140625,-0.01214599609375,non_proxy_16,24,8,0
1975,-489.04583740234375,-489.03369140625,-0.01214599609375,non_proxy_16,24,8,0
1976,-489.04583740234375,-489.03369140625,-0.01214599609375,non_proxy_16,24,8,0
1977,-489.04583740234375,-489.03369140625,-0.01214599609375,non_proxy_16,24,8,0
1978,-489.04583740234375,-489.03369140625,-0.01214599609375,non_proxy_16,24,8,0
1979,-489.04583740234375,-489.03369140625,-0.01214599609375,non_proxy_16,24,8,0
1980,-489.04583740234375,-489.03369140625,-0.01214599609375,non_proxy_16,24,8,0
1981,-489.04583740234375,-489.03369140625,-0.01214599609375,non_proxy_16,24,8,0
1982,-489.04583740234375,-489.03369140625,-0.01214599609375,non_proxy_16,24,8,0
1983,-489.04583740234375,-489.03369140625,-0.01214599609375,non_proxy_16,24,8,0
1984,-489.04583740234375,-489.03369140625,-0.01214599609375,non_proxy_16,24,8,0
1985,-489.04583740234375,-489.03369140625,-0.01214599609375,non_proxy_16,24,8,0
1986,-489.04583740234375,-489.03369140625,-0.01214599609375,non_proxy_16,24,8,0
1987,-489.04583740234375,-489.03369140625,-0.01214599609375,non_proxy_16,24,8,0
1988,-489.04583740234375,-489.03369140625,-0.01214599609375,non_proxy_16,24,8,0
1989,-489.04583740234375,-489.03369140625,-0.01214599609375,non_proxy_16,24,8,0
1990,-489.04583740234375,-489.03369140625,-0.01214599609375,non_proxy_16,24,8,0
1991,-489.04583740234375,-489.03369140625,-0.01214599609375,non_proxy_16,24,8,0
1992,-489.04248046875,-489.03369140625,-0.0087890625,non_proxy_16,24,8,0
1993,-489.04583740234375,-489.03369140625,-0.01214599609375,non_proxy_16,24,8,0
1994,-489.04583740234375,-489.03369140625,-0.01214599609375,non_proxy_16,24,8,0
1995,-489.04583740234375,-489.03369140625,-0.01214599609375,non_proxy_16,24,8,0
1996,-489.04583740234375,-489.03369140625,-0.01214599609375,non_proxy_16,24,8,0
1997,-489.04583740234375,-489.03369140625,-0.01214599609375,non_proxy_16,24,8,0
1998,-489.04583740234375,-489.03369140625,-0.01214599609375,non_proxy_16,24,8,0
1999,-489.04583740234375,-489.03369140625,-0.01214599609375,non_proxy_16,24,8,0
